0.024233975201464388,-0.8389354117701275,-0.059745434536635104,-0.11850518226364819
0.39660138405571194,0.16010093515770224,-0.6041068499237775,0.05863034487438091
-0.2944962611656411,-0.143448668829858,0.07153490137801699,0.14146855664948366
0.06756603252383928,0.2534064280196171,-0.08997568944797137,-0.028733784156329146
0.32564103625919855,-0.28565185496817874,-0.08905977970708723,-0.023236350051574175
-0.09725558329066224,-0.39183787010244353,-0.26639941581058374,0.393228302672268
0.10538923199101069,-0.7035772827514574,-0.25296275417309516,0.3442234759075677
0.5248876366160893,0.512180401299173,-0.23966263637625437,-0.544014424849582
0.24405770937378674,-0.07951480834210364,-0.05532292842630671,0.008489533834761937
0.045207764809467706,-0.01919295130923792,-0.1695457665182268,0.5437049703601025
-0.06631067253311686,0.10142481984026239,0.14268785825345398,0.16295279023188194
0.09744986033986222,-0.21702130151799207,0.13991907654365365,-0.32934070822302813
-0.5785659266697045,0.38970725402287326,-0.028358133927713535,0.38331477804433917
0.46315491366689,-0.019428666043614935,-0.20970178501630282,-0.3861866867968923
0.06775406377714005,-0.05102811433786889,-0.13512182948757054,-0.35864920063010053
0.09570632674861047,0.38962362476083384,-0.5613159216848274,0.056257634127972946
-0.3288839860259377,-0.1820391468248337,-0.44962112707703084,0.004346080085951351
-0.03897538830431193,-0.001660918835271807,-0.3335279700846345,-0.4217388305799656
-0.08797646870724296,0.07548522792565508,-0.029893288360899047,-0.016294211091853656
-0.23273675829175966,-0.11529170113679732,0.2681536435160314,-0.3683443721462234
-0.2322374019697835,0.24473786198276481,0.024016721945196245,-0.7565706068961057
0.7061668633356063,0.17903090276144715,-0.1398001757789031,0.39835737568137264
0.09761212678542439,0.11871792916628092,0.5107166015513085,-0.034924478320606474
0.12950501378871276,-0.32962511053014093,0.06819129002907048,-0.00488489744795096
0.3584128810610578,0.5833287286286356,-0.05753019124264897,0.20724199004738023
0.24741406785405948,0.04044253969752428,0.6897196735624275,0.41969502036694967
0.39172405749343664,-0.06298654512998741,0.2549513573891836,-0.27020206770094607
-0.258770707358042,-0.03122792242994684,0.470276669852135,-0.27889150412370556
-0.4241938768151434,-0.03554205875184059,-0.5161218192356486,-0.26141743687365665
0.17662174020267443,-0.3354915408162847,-0.12901194229293858,0.028286954322028802
0.024430520745816885,0.06132265037234574,-0.13093527219647044,0.187764578604967
0.46455731728411004,-0.16523312421102518,-0.16627857311915842,-0.24887727627135953
0.3946840575275732,0.2251400424549386,0.033762250416974005,0.28370560853427734
0.10789970077054838,0.1659555765813042,0.5515453620104145,0.2549559776561548
-0.6374777382240643,0.40147401260394083,0.2043435742932169,0.06570867753138547
0.10316961809161669,-0.44293882765483106,-0.647166959137418,-0.010029257141369279
0.2919946685956829,0.10341984076185298,0.44841617787868976,0.20687153033537523
0.563108374096168,0.34821571846833876,-0.012435144832805733,-0.022901286673643172
-0.6512155728065693,-0.4056603632259638,-0.1738211325013281,0.18039840023053838
-0.14560950978237566,0.14638142204719873,0.4870448745928043,0.2838462404253641
0.3091886189773057,-0.15594226884092816,-0.3361605785579714,-0.021422613516147396
-0.20824439456585134,-0.5130145596556239,-0.2150581839503617,-0.30730319922471827
-0.5634843125937763,-0.062302870181492956,-0.44975578891793283,-0.25632388732003303
-0.3072026009973267,-0.26145835576088805,0.33878645953481884,0.13949587433930707
0.44333193502979806,0.3264330564883244,0.1501293002280414,-0.4651370736020081
0.040177827395761,0.4564211861080743,0.017299093644189502,-0.5893953788565849
0.00645433374295366,-0.06064631311431484,0.10980210681863758,0.4419292196933457
0.1389055380439692,0.4479023029018781,-0.011356707218012766,0.3850890769894322
0.03513474594440192,0.029712410396364197,-0.049270023618987205,-0.07304457901991966
-0.08563292374071879,0.4201348589699945,-0.25382645042541696,0.27042523840228394
-0.03906019810516356,0.09097716439868142,0.2775936730849218,0.22150937417331604
0.48807571449942133,0.542735361473652,-0.26048475957556005,-0.07733150523867628
-0.21003194171865924,0.17437938632482597,-0.24673718093725194,0.33178897619125886
0.05933625189625382,0.22052492794515244,0.010091877150451865,0.7688609219532944
0.4985213094873193,-0.08465922034969728,-0.016988870150414042,-0.06306973387223573
0.5705725985367195,-0.10228304769594883,-0.3026359317279635,0.5310461692683368
0.4281835277763399,-0.0889109012535618,-0.0726771343581612,-0.15815523789038288
0.42276546502705453,0.49394174137918206,0.026621822163064746,0.08518092028656729
0.026370332175808774,-0.09418447264000512,-0.04708470559612157,0.28563880669674524
0.08490289838362827,-0.25091582507766025,-0.23322167767220758,0.081612609649652
-0.11942402060513237,-0.4160723820776237,0.012264528716015518,0.09782045496199805
-0.06538719981301759,0.08394144879363151,0.04461410429667869,0.10573600022817775
0.22133629755210402,-0.33157797458462446,0.3042626370733516,-0.432935465222069
-0.3952176994728568,-0.16943305891308244,0.053495136358995596,-0.47444870683385626
0.28658017957402326,0.12421611917767948,-0.8593429864452313,0.27855706064831937
-0.07335659069727128,0.14154337905824346,0.5671876115064687,-0.5135779859668951
-0.07759939738743031,0.22387075267370427,0.08755355019790385,0.6011692999229943
-0.07346648993797364,0.21607300661510465,-0.049843119374598184,-0.6572178098888167
-0.4962158569033741,0.5777810142306582,0.4437764153940457,-0.27024348491910216
-0.3938571724649096,-0.02977302429069555,-0.4491092261517055,-0.07886569952577208
-0.3482279024586389,0.40775719171687397,0.31076542247871664,0.23094581589438354
-0.5529030162351615,0.001893573358191755,-0.379130526290042,0.059247229923486265
-0.19518196257274767,-0.1446744542916486,0.46561156324903635,-0.19809569952541453
0.015310782723077268,0.07184256672378754,-0.13180675317834825,-0.09931407042982697
-0.5388913329260807,0.11779813574511606,-0.4243994823553459,-0.15271291510495033
-0.29334849467862606,-0.059009487232033975,0.17774147432223383,0.29499222590540475
0.25962713321530184,0.27399113682470994,-0.1968644454929826,-0.06958562432644949
-0.033246791022263154,0.011089716902510741,0.2294830266007596,0.03402456062795469
0.34254878000187194,-0.3400637637511047,-0.31016946275656104,-0.3238478638935425
-0.03777259176531544,0.291133076692213,0.2283530069613648,-0.08973637002826952
0.3409158550716715,-0.23314476856948857,-0.314703217310663,-0.333870392179469
0.5046939871765145,0.3797233966922202,0.06996769690024869,-0.1486580703715144
0.049083240391997025,0.38238270660073054,-0.3316573930507779,0.1630560076427234
0.013849135244017024,-0.18586008892123057,0.2184874258003184,0.572602465736927
0.06980349550180558,0.1124527346755276,0.34129430232790087,0.015793608855507173
0.12230853210947205,-0.09800796896592932,0.21207018179533757,-0.3771275331689024
-0.1217923372856609,0.14924236923595305,-0.29595949806268335,-0.3099541251790719
0.2867062182543871,0.12365172752990476,-1.0510904513525403,-0.12733056364378303
0.4589731749585606,-0.11441479396800668,-0.18027985044937933,0.3003589287955582
-0.016396275131579055,0.1812432085932988,-0.6226132315909246,-0.41834799971972125
0.048720085899250046,-0.11160712452590305,0.9863530987563119,-0.3578661819235347
-0.5034630324622584,0.7068051065786812,-0.16662087715644483,0.05444597694845218
0.19187769222672577,-0.3755740101728067,-0.05189907635656823,0.3266232982159372
0.400956657571697,-0.4838841120060999,0.18935652271069156,0.459448312786424
-0.2798927560528874,-0.10148472418807218,0.1844623767564328,-0.182310358622531
-0.19397066581771497,0.011672037825677644,-0.06569918606537992,-0.15703161181867828
-0.42196638823010435,0.05076055233904456,0.17216482449635873,-0.25596511634204083
-0.1152021345366103,-0.3226196290121579,0.4771634463420857,-0.00321628849423636
0.03914451925175789,-0.12443873447618865,-0.10300380706464414,-0.2878880127294717
0.10639244414930935,0.01042525215994784,-0.11688424006081927,-0.16124216692096088
-0.2597977761896206,-0.024084451769814625,-0.255557259820799,0.08570564293081294
0.3336956469846871,0.25618170825625514,0.026825662119020044,0.1707951473350673
-0.3345751360060705,-0.09419931990829318,-0.11923057779010615,0.7623643639244375
0.25247135574730256,-0.12267972451225186,-0.183995475040791,-0.09106319339088502
-0.1617045816012808,0.08273692378051073,0.4708482164075373,0.12300287584753745
0.05857804667111833,-0.15640629285386615,0.2838315921086907,-0.2760638448935714
-0.4094021406833079,0.1571682198198378,-0.1945648948142843,-0.02558689141226579
0.5349494298409941,-0.57846521928358,-0.216057554585876,0.2932649721764343
0.18832959065510987,-0.5718046853987242,0.05459779224069983,0.218084820365014
0.020242349610714104,-0.277704176606131,0.3462570723842651,0.5781659294196084
0.1489017543539938,-0.09201646474505239,0.309000652565204,-0.02576609878599308
0.020492508002637497,0.38640083682026427,0.02802322612627234,0.20837773745481952
0.5696936793578437,0.054621250776353554,-0.14367140683888172,0.4181865286914134
-0.2697833916339736,-0.0024449734176819507,-0.169507468412384,0.3357487266133915
-0.2125612652264392,0.7844831053168517,-0.3806984689970439,-0.1965037808350441
-0.03123009439574135,0.5048498045204722,0.3008824748621921,-0.16268166002595533
-0.15790663697323135,-0.20006418893929265,0.22273186061839115,-0.1048283320156777
0.030202683514333428,-0.03693270630205767,-0.41976597712994157,0.4009176808534721
-0.07677728828076111,-0.18547910271359253,-0.00036724120861677525,0.4061753693464697
-0.057253978528297604,0.09444223218314807,0.36047280361660183,0.45159509429656425
-0.1261491970617445,0.041888319987797455,0.027976892957759982,-0.06681030714500664
0.05019013131918018,0.4513216623108977,0.34930033963009466,0.13377531885621102
0.08652606405328664,-0.4914998996460245,-0.43509046070342416,0.14437495318357052
0.01706596711240968,0.13571546866358453,-0.222300516511286,0.011597164691466169
0.45631442481286794,-0.3008456305603589,0.2779441339763994,0.30383569782521747
0.10543776978542824,0.06664773224325017,-0.1502591496459149,-0.020303145580476856
-0.3904057811643585,-0.04330743210853314,-0.32737985134243747,0.05075934971733803
0.16246194487508764,-0.08344508607992053,-0.2384256182423245,0.490856274728733
-0.11991712128201445,0.0794881982829955,-0.08331537854958483,0.08908090282836756
-0.029870341699505067,-0.33941361919913243,-0.15569839060754714,0.41406930604108516
-0.06368062632349512,-0.5791841864164053,-0.18474777753100188,-0.515199972065861
0.20603350195690906,-0.030962038243843963,-0.046436467871908714,0.18956280325212357
0.008229989069807616,0.06424301393221847,-0.5339777888723243,-0.5434891183570844
0.2150500599273535,-0.3293098910095436,-0.166863072625605,-0.22377602114532866
0.04925470262467834,-0.15830387148821606,-0.019738889571257304,0.21040098901656645
-0.18085417308260165,-0.47301555678755136,-0.10329178901880917,0.6279212839876553
0.5525410262143845,0.3591414975086535,0.18294525127179745,0.21229699407419622
0.010600528681615193,-0.456001812388242,-0.3009678835721365,-0.055783414185625275
0.5865468457823164,-0.08259781296174856,0.38552255809138697,0.029179840502908748
-0.48741191553174223,0.056223434493522906,-0.22784543140073565,0.35686483825010507
0.2963246042608845,0.005653118001945371,0.623546840104988,-0.1999712350217821
-0.22233612782897896,0.22499082232465176,-0.4763641327582188,-0.5774823367202884
0.45740737859611413,-0.1394965463487592,-0.2843709301168749,0.1542273456647926
-0.14362147896941396,-0.015766197896533603,-0.16598336526967458,0.4312883303573361
0.4301283632321395,-0.6211766917118053,-0.1865829972061872,-0.7002122062849766
-0.18195000101889477,0.21999721907343658,-0.07907671381039318,-0.4423422402338127
0.14536330637161368,0.023651022034096487,-0.230209211125441,-0.07837492235477005
-0.5741152163549368,-0.12865444078336147,-0.1677816125144964,-0.36324890301583906
-0.3308955239020757,-0.2634655840225321,0.06910856882523005,-0.2255452771943531
-0.08494432499570523,0.3673951120257548,-0.7812424976681367,-0.5086503718272113
0.6148856519282829,-0.2579050169008015,-0.1645877056174974,0.2661981018981712
0.1679564778357734,0.23823605103514778,-0.04380934461303774,-0.07380493678755676
0.14989836173687113,-0.013396669086344978,0.40197930489651756,0.043309707609709855
0.16499175765212537,-0.15849339351036262,-0.482968115833813,0.2529628086470615
0.1726476321055115,-0.32444660552532384,-0.04315049575914352,-0.3176437607363642
-0.13579214795737476,0.16200590296534179,0.07721076194200095,0.6508449953301566
-0.022069053188823295,-0.17621575877270262,0.6432482286866517,-0.3367504600275349
0.17692317395070015,0.3445961693033088,-0.5379572704525678,0.5041102463105952
0.24027981226661124,-0.13867083101026087,0.49586331874928646,-0.2686791561281364
0.4241698304829057,-0.08002050311076363,-0.3842110570211148,-0.09081016660988234
0.17342507804328555,-0.3351787722164821,0.23622600070628488,-0.2480977170451228
-0.11520516865452805,0.3604094163238548,-0.4894864290169459,0.16555840086803766
0.13865045028861392,-0.046088798637721716,-0.8914150728657213,0.4623714568509547
0.16948537604245034,-0.11780325189413626,0.26269294094127577,-0.5188627833664039
0.48863531578556935,-0.05503136431785096,0.16101672370387066,0.5597074491200962
0.2884366697971806,0.35276293531110087,0.3629004329943782,-0.23415258549012144
0.3999967843247561,0.5620218197054546,0.08770250065812056,-0.31017287783586495
-0.013827680059972767,0.24683710560722363,0.11509708751057514,-0.010476877343525908
-0.015890965479411667,0.1352309476278829,0.15210201728166908,0.03216827155916835
0.07682649040093452,0.4561796553185992,-0.26805510644520075,-0.23061687082267485
-0.04973574883250135,0.024631221172977467,-0.025685890278682656,0.04418869055091372
0.2528323655248433,-0.166030969832989,-0.00304784853494399,0.35179356111816473
-0.3495255827413492,0.05838940629723096,-0.4480727242307631,0.29395964072923775
-0.36739638757950105,0.0014844699968064605,0.2854764531198094,0.271685963257074
0.2894127858497878,0.2800887889654359,0.2719629289258263,-0.1656158301956205
-0.13443139289139183,0.24188927247925532,0.10989719822021744,-0.5291166800888125
-0.11580233348815683,-0.5580423472561709,-0.5082764196772924,0.5243690536497595
0.14725661625180633,0.12314281298000036,-0.0382384535915674,-0.31191025884782014
-0.2167962155907821,-0.04250021974817829,0.4341654437900059,-0.2581006544033607
-0.22831790905817032,-0.20839914644729263,0.15077884977118006,-0.09629752712903156
0.05907041794936147,0.011683064620267272,0.18625127309631156,0.42992858088085684
-0.20362160799437176,0.182922971204441,-0.013076602036844407,-0.2183355792772759
0.7362598677300815,-0.37454533301008813,0.2827010442065017,-0.14099194794938943
-0.1564494982922597,0.05305797780161447,0.708990606987349,-0.06944559147523612
0.4398033763276864,-0.2754393893451874,0.1630819600333567,-0.469322270298119
0.04189115603674156,-0.29323093173219034,-0.18254189831320933,0.14550791319241965
0.40190048337960893,0.272818552400391,0.5515019281422342,0.08299323569875339
-0.061805208460071585,-0.45044893002882147,-0.32995276648493216,0.23838915072819888
0.07680782920980994,-0.5623056388455725,-0.008168487663415294,-0.09221051172194093
0.2718640967192948,-0.4256578253500305,-0.3344312432799392,0.09161177001478166
0.7686833557579993,-0.37141658193377003,-0.2736230363189737,-0.270190048651524
-0.38974540195511925,-0.4157358259987078,0.4117692565753762,0.04599020097973968
0.1121460751763593,1.1305956094047445,-0.4189535871635307,0.7003819502838622
-1.175629661019947,0.5948095445008459,0.5153270723991488,0.35476836401871137
-0.2985879090849036,-0.20759960823060308,1.2193514330513238,-0.7116817936105596
0.20163324235707797,-1.1064516373210032,-0.8912489589851201,-0.644181822542222
1.482273190917328,-0.017078234532003855,-1.2515866479993816,0.0783729170768391
0.5223849200261449,0.619676011779673,-0.1696037817700372,1.3866087604950668
-0.43144127805350163,1.3019088266607914,0.1342262151663033,0.8772422863975762
-1.1800144225767182,-0.04661016871815715,1.2599130096791207,0.0405841501563671
-0.7225032425867679,-0.6953080717817817,0.33819864969428926,-1.3072768610186238
0.13631779533049587,-0.6499973761068565,-0.03661286048102341,-0.7224777296498957
1.133017580845186,-0.14821692139621923,-1.3822282137605677,0.09755156376463175
0.07328619054715424,1.0577525218067891,0.1709213288690309,1.098527859150436
-1.2452167490154906,1.0771382743200355,0.5772391496443697,0.9128673403067925
-0.9531376097700772,0.01966494338187852,0.6891745293014915,-0.13764090340194413
0.04003793746432961,-1.3376389937995472,0.6234973308913228,-1.2058122609629955
1.215708112048282,-0.18437773617718578,-1.2259724774197465,-0.5765186531139532
0.5981522477804773,0.36191594498953383,-0.5980723181641098,1.0202999528499401
-0.04538851327298715,1.0463316102466522,-0.24960133040130936,1.3277609613152563
-0.7190825393276632,0.538721245380222,1.0511925893359357,0.4711330659525553
-0.25788190455134935,-0.4253615463442662,0.4666427080845471,-1.0266832831852624
0.8563357905620594,-0.9034418813465132,-0.3493176661605426,-1.3175852407676454
0.8973711097548747,-0.4226205697904006,-0.677041314508328,0.2583850687022451
0.35160423813286384,0.7721934018315574,-0.9166026039070211,0.9335153730791075
-0.6033646379118666,1.1445030477285119,0.30072311890636777,0.8144492885603278
-0.6678159232658132,0.11985689386113761,1.0817547562495078,-1.0313651791218448
-0.4404739569295126,-0.885752141199132,0.6438960558790245,-1.114020973081307
0.4878060903914498,-0.6469535370430858,-0.8476872989594944,-0.589996133486656
1.0245184875318798,-0.36162198509089216,-0.11773775575879475,0.42694109307078104
0.29696262913960014,1.204730028315196,0.06018766499702649,0.610246950855761
-1.2033264727037247,0.32282761324166487,0.5059004249558968,0.16697545773808148
-0.6156989833317768,0.1311609456878073,0.7985525107581619,-0.4383113103233085
-0.5598936832960282,-0.9038204686942438,0.4465078511155045,-1.4778893605521328
0.6828366984840722,-0.9207425187379039,-0.8972129043952648,-0.6741495892669154
0.6607812105185948,0.8425081131609427,-0.6067317025534056,0.914735373000984
-0.0257169361436633,1.6444549944792537,0.07188995447106013,1.2721908853163124
-1.113735404628003,1.068693606658501,1.0811662371537452,-0.3127743792477034
-0.5246677739370098,-0.11177217805196304,0.4210045317447105,-0.5460696673588609
-0.027562975723211425,-0.5621565075257826,-0.40006535661794596,-0.8800250495936324
0.7853227071198521,-0.7792621076172841,-0.5055533411328257,0.15885906508300346
0.5376310177650141,0.9857645176761374,-0.24557058170956775,0.8366503378276452
-0.36939854864022065,1.6709795626922022,0.6361532486544487,0.5885665354890434
-1.5501905182203575,-0.12934174743937593,1.0906749315902284,-0.12094037003441241
-0.6207257406450506,-1.0414400260438201,0.9607931158539569,-0.8868734109311754
0.5330130525434958,-1.1572939709342254,-1.109562206606248,-0.6996108815785911
0.6711336188181367,0.3523756086715121,-0.6662664949686179,0.7798186466206062
-0.003941313490579357,1.5118838977224724,-0.1956515414865725,1.4082453708535283
-0.6228010913773974,0.5754515618373575,0.49990840395101704,0.251269214972508
-1.0440391970580507,-0.4690452278321159,1.0527815791898985,-0.4229702121390899
0.3366699417923035,-1.2742054683679085,0.45598976589040174,-0.7294962249934955
0.7890207963630241,-0.7934959383293442,-0.6748747190868873,-0.5613063343529712
0.7443112127771391,0.7140004408006124,-1.1180093888083926,0.8828277931480091
0.07724390748174703,1.041811355319931,0.2617010173555121,0.8922706119536193
-0.8114013737796251,0.10798645376671961,1.4328869502485317,0.09393693588086312
-0.2783366700596009,-1.116843520522825,-0.17470502948678657,-0.8413837239045059
0.1797440241995626,-0.8190406457905983,-0.5332394277197212,-0.4167349084566268
0.948354882147563,-0.23547268083178818,-0.9045247378135556,-0.08761543676969358
0.08170919249872782,0.7931919566480528,-0.588649597019645,0.9696898477083226
-0.3139603697989834,1.5121027178709978,0.36381740018999703,0.7426841012327123
-0.7101814678599867,0.08779885203035967,1.2540193082079956,-0.273723293343703
0.08645052915191359,-0.771412479035867,1.1097756041027826,-1.1238998280407828
0.07469035932674772,-1.0285698323438077,-0.8707065553609221,-0.44381433412695226
1.0511733320232308,0.4906838777117004,-1.0125813549350369,0.8463445813476393
0.15920034760805774,0.8699822809198741,0.14984687958994042,0.8567013473883052
-0.6064771292963961,0.7153878598893202,0.312659227012123,0.36820273090893635
-0.4873536356485297,-0.6498602611379286,0.6929886955832888,-0.5984036635602954
0.2475183383583736,-1.078432285379387,0.2559247056069663,-1.6934887266129888
1.0661735681513154,-0.8120447998689905,-0.758030647747582,-0.14157926688476513
0.787300395731156,0.3401453561312226,-0.4770415796974897,0.7594938015895493
0.031411016507381706,0.9148298410591359,0.5108562564456642,0.6628116740155687
-0.983626802507292,0.3469775704628103,1.4331617112156572,0.3059598538928384
-1.0227805572262942,-0.9216152497775254,0.5749247684381172,-0.6702512460851001
0.7237151771526229,-0.7246947989383049,-0.14324300964961273,-0.6415530094917058
0.8220337114182633,-0.4049363913521175,-1.167460822348156,-0.031032717173204383
0.4995684541992066,0.6145557802215093,-0.6893605721910945,0.6775211153043976
-0.3892766971621728,0.9074228250920462,0.24725785141860895,0.1808306241620264
-0.5507904421142418,0.7716407820400354,0.5093407444505664,-0.14271785899876693
0.36136705997037233,-1.1878719342950281,0.051563775726279404,-1.1514320291281224
0.5526802700987856,-0.7919560881040657,-1.0879531773840572,-0.44881861403817536
1.5260678166163888,0.4816549368354345,-0.548092539302349,0.22697502092427901
0.2888144430875133,1.5540938983709809,-0.2523406016179197,1.2347306211876015
-1.4557058345896872,0.5808238997282569,0.373354925156196,0.4627726387419962
-0.8937732269375547,-0.16046410145448825,0.7545822493223835,-0.6488479658588049
0.2958394908198979,-1.1401050929036007,-0.12071732945491577,-0.5072825006193911
1.3351983887884642,-0.3183391661941033,-0.8661201853164077,-0.7865024955743316
0.45307639472832406,0.7330397364112619,-0.5569065773821591,0.6602425842251851
-0.35560208266583554,0.5882435447574157,0.5607142096206239,0.8104364192847641
-1.3699967595439564,0.18857783078649815,0.8179962044681075,-0.5061676224770417
-0.8461952947050266,-0.7663582779830539,0.2784258754237761,-0.5524004965164888
0.13142565141430612,-1.0878331365970384,-1.004681534298502,-0.554437723806696
1.1036224406482615,0.19577091990269355,-1.4727406470959699,0.9196477509606413
0.45899653389021283,0.6578000924344938,-0.7121643574598325,0.6160829902883893
-0.48586061543174064,0.6269365803991654,0.5253169220350353,0.5446551552763969
-1.2693831922727217,0.6123541443863698,0.6374807981844016,-0.2791573295374623
-0.2975251398057652,-0.9294734434309402,0.6399106909378485,-1.2771614708047403
0.4350369144862119,-0.3897068548148825,-0.6340991279970262,-0.6091211385190312
0.9251331739901182,-0.3592076502182792,-1.1576700553483081,0.11093544786621357
-0.5839125963249568,1.352049396315043,0.39392417332832785,1.1905297921315872
-1.0616964428802136,0.7438927753324087,0.742621881115904,-0.07254029190448727
-0.4608911066387784,-0.34979685666310406,0.8377547962174896,-0.7768061099714203
0.02851382510156783,-1.3893164966641152,-0.2122472519250149,-0.4547484116669013
0.6550946633928756,-0.8700554003572303,-1.1628149237995213,0.10980245982009737
0.3383350209134545,0.4817999161659111,-0.5089167264808382,1.2077874847474677
-0.7654140709441846,0.7722911628660373,0.2882725418251751,1.1254239799544783
-0.7751046202849128,0.524958438098958,1.4991439136388427,-0.040833900446195004
-0.5938999747119049,-0.8214640322781596,0.9126254809271148,-0.8684772493274315
1.0259225929981228,-0.9620478101753311,-0.21411690361513852,-1.0670219820283118
0.8161313759050597,-0.1599586709170181,-1.3437464475570693,-0.21535315582517667
0.6552979764161984,0.5798954124380113,-0.26012259008026867,1.161825640224645
-0.711810532056064,0.046569034708281,0.6554205646929723,0.6068414957800414
-1.3064775637108934,-0.19268103707898226,1.2938237002558857,-0.8749766114491281
0.017205010963069367,-1.083025941060491,0.314346350861267,-1.1007223016837469
0.7322802410060284,-0.6221911047179661,-0.5796308569635283,-0.6271299320298827
1.5159933972363044,0.20044759436220977,-0.359813736012744,0.17970160367957522
-0.1963332162320664,1.0409355783589338,0.33384569431030664,1.5211796300567806
-0.77189262219088,0.5633287847435348,1.3151611450090877,0.7155974165594763
-0.427626537501524,-0.4400058871462432,-0.023008083955981085,-0.5528247153629675
-0.06251025096482249,-1.095418785658792,-0.3952723459580815,-1.398615492793354
0.3026375816648289,-0.3959668195424424,-0.6018116109519717,-0.028342270296322497
0.3366617270097563,0.7775164696230783,-0.5282345105458449,0.4796386585190779
-0.12541250683546806,0.3679554308404993,0.09833082621888889,0.37949521219216426
-1.2427962327710758,0.26470386024598064,0.9440905265437463,0.18472612341560313
-0.46018181012185333,-0.44149365519610156,0.31589757191550466,-0.9495391194779977
0.4637701383580147,-1.3913416506555125,-0.8284071067380546,-0.48480731678644245
1.3028605779791915,-0.43030568194573077,-0.7296332172953013,0.23940878427928386
0.06479153760010956,1.1009455686502,-0.17411116083110775,0.8505021177395854
-0.2777127442600882,1.0629262217441757,0.617427470834528,0.04210708542919772
-1.0976348405305103,0.4509503641191106,1.2510912079692824,-0.8698591246520995
-0.2936714005175243,-0.9007506147441606,0.46338574741929894,-1.2861716037458883
1.1777530122609874,-1.1312604438303928,-0.7804275060575027,-0.35024171762488043
1.0441630382722455,0.4261986068159478,-1.040913006558365,0.8679524256368135
-0.6409067080302357,0.6380298014486406,0.20184138263065698,1.072303730188977
-0.8384926418820968,0.5705747015627342,0.4119759899795704,0.14869450170805182
-0.6527023385549867,-0.3493835556852719,0.9362006877979314,-0.7268022665109015
0.9494240081388607,-0.5464462261516068,-0.35822553046829353,-1.4724754778469271
0.8712940288918425,-0.5581028282263661,-0.13531724329483885,0.05638231843049167
0.7374045140019214,0.22681568114206824,-0.7787786302167803,0.4981965313307003
-0.45080164448901083,1.4638339258496118,0.39567729142682245,1.1423348307071604
-0.8922041423107286,0.2351625213250415,1.5827113816560319,-0.5935909440648035
-0.34834440107304954,-1.112924407742581,0.3986163017052504,-1.1752678835762436
0.7630909373847361,-1.1812789011270985,-0.34389593364065485,-0.7323844438000383
1.0678431940728486,-0.18103070616852085,-1.366599673080371,0.8891111467492065
0.1142385322445941,0.9651259525552149,0.08813770177766656,0.9765467266666088
-0.8856113772230041,0.7074054967198259,0.44956071169773987,0.4634069621042485
-0.926638315491882,-0.21153901176291154,0.8457795499732107,0.01621458946756371
0.5296241286407544,-0.8825756136747833,0.12747688465797272,-1.1391293583046656
1.0861319193958336,-1.1187135205313863,-0.6567912930683213,0.2263254701945853
0.501946033478885,0.8940774454228839,-0.6802544209969861,0.38945455895638703
-0.19116068837164862,0.945597515592737,0.36455069229577836,0.6677385174553232
-1.2293093439002163,0.8519141863677793,0.899812891331091,-0.1570342257856408
-0.023084821294313662,-0.7361251003033963,1.0789228245359261,-0.5922065703332762
0.6268634022040982,-0.41897786432369943,-0.20244879392859216,-0.6045403985273792
1.2057012399142915,-0.2955198893148072,-0.46278944637594277,0.030274495879936802
0.4527269352285063,0.9822235306510415,-0.7972243148487739,0.9731318412329709
-1.0597189243057077,0.6097126492635481,0.07656683318455876,0.11123594772514411
-0.46895230791536224,-0.10165196025119608,1.1017452836369588,-0.033632690789163144
-0.250792469799695,-0.6459714965065801,0.759204672150358,-0.7172868025880037
1.257493575137329,-0.43919245306769156,-0.3536729930798873,-0.25078360911720354
0.3536990535049074,0.5889537681414393,-1.0547699004263447,0.7084663698766318
-0.38712526310076656,0.8238277264663284,-0.7976407252631841,0.7755201707128907
-1.0190454632825239,0.6735156151670539,0.6667320004130814,-0.34210911473164496
-0.9825782346820597,0.2833758323708938,0.6238293878917218,-0.47313032925991527
0.20175406397915419,-0.8571216857494948,-0.8834323000371938,-0.2104465993293646
1.0010871986645762,-0.5880602061269592,-0.8294150881799911,-0.5616458478587011
0.8882710885062123,0.9192824117450749,-1.1641521755832542,0.992815019704269
-0.7552740433700507,0.3042845374347649,-0.13171457193588615,1.3908092084004644
-0.8177299548443364,0.8960075828868457,0.9775626475421852,-0.45129753303697123
-0.8865380329035679,0.13359811306229252,0.7324233175715233,-0.714713875719466
0.3209531310170082,-0.7814959968987021,-0.47480059836989147,-1.0711111398842603
0.24246743051183728,-0.4884084447132828,-1.1082233420706895,0.2878525671041662
-0.2355819061888927,1.3337759026644302,0.22139547331669268,0.8421564897408765
-0.5972778224516445,0.9602403718886194,0.5915386658178402,0.7006900279197789
-1.366991685264693,0.18986147675874362,0.7227754324697797,-0.3410628040568834
0.38222456685858175,-0.8848058208872761,0.4439708419692957,-1.5262604830444482
0.18808965276012546,-1.2302199902139663,-0.6811895664168007,-0.7918407931174478
0.7879131290414498,0.25242931635511645,-1.0348021475477471,0.3729213729715707
-0.205360453705898,1.3722148925860893,0.11055250762687346,1.4245425815737374
-0.1478662741983543,0.2574896086140753,0.442113977303898,0.0561697980322646
-1.1047269745531278,-0.2677146805807417,1.0354826665186032,-0.6268979131288479
0.5308747013350832,-0.9831912238008291,-0.09882300827636532,-1.5028307457234549
0.4835705444433146,-0.5015629358952097,-0.9169966121000864,-0.2544674404073022
1.3660809594361532,0.2088649195057829,-0.5350419332202523,1.213161397218602
0.02872337055086499,0.5470651057592226,0.515872266222652,1.0218969236740543
-0.8936047360321364,0.9090773906035883,1.2887018351462545,0.14539366901693515
-1.1499430573470875,-0.8016633997200773,0.8534898972718877,-0.7871467175152267
0.5922542587903912,-1.2561076757768284,-0.5933627365922507,-1.2490692259325045
0.6119702160349714,0.4568129084131504,-0.8853533487377656,0.04745183392954905
0.08416498785599058,0.35182569057736696,-1.065651529406193,1.1017271286550527
-0.4760953178741296,0.6184110358988701,-0.04068718205091182,0.7249326570254178
-1.2723409461894615,0.007568049516276383,1.5639837408338475,-0.7211785021405428
0.037590993745660856,-1.1854540624342,0.2499866496998118,-1.3748918155154493
0.5681019503757854,-1.1324725506065385,-1.095706254221595,-0.6421549956392623
0.6221792462312588,0.45474176395109434,-0.9715212745675484,0.7286728421110487
-0.2632235528422075,0.9203042304750275,0.06214312522477669,1.0766992102390918
-0.8614520898275008,0.5254432526171916,1.0240457325594814,0.7110586341384361
-0.6456406465150917,0.04865284358750943,0.42567939306226826,-1.1156128070822016
0.22829512988600156,-0.4809721525706433,-0.25224847537491935,-0.8710379862890162
0.9169889966237572,-0.5374009387481893,-0.9290358107701284,-0.26535054668489066
0.7341936876119033,0.1789913005772622,-0.3178260086840964,0.6238278503032897
-0.4422382104901392,0.9811978882402519,0.37204257425422227,0.8932696798166572
-1.0655608558082557,0.37207468945172373,1.237817223055563,-0.41761168931610315
-0.549119254474637,-0.724505175864371,1.3282132894048337,-0.3944361445489958
0.5692923147778519,-0.8723607135236732,-0.24159291021625728,-0.2451471179582168
0.8472924298009891,0.0910022424329559,-0.8622124165300007,0.4598328904522899
0.7836061664791762,1.5150762331203054,-0.3987705104913955,0.8123344974509354
-1.0199949888682895,0.8377556233894642,0.5715362193529291,0.6485469075327672
-1.0191831938127636,-0.0598356749044071,1.139848041405165,-0.5236019419545503
0.2818026650665121,-1.392858807144889,0.6013805250677805,-1.0209092799189103
0.849401398735029,-1.0385146350853844,-1.2194541521433826,0.007154688719172908
1.290977016378966,0.055164509123338146,-0.8436985600613724,0.30483590944651795
-0.4394461267010069,1.3008920253632947,0.3789057162812547,1.0435994393554548
-1.0701272767971262,0.8645352831306305,1.1167512054842417,0.500777780988431
-0.8430621067960334,-0.6913004058903318,1.3973731684504194,-1.220702200492418
0.016709190828733456,-1.023146505598046,-0.17976389896867717,-0.9035866483244147
0.44023118528542526,-0.3524436743894104,-1.3373805838814192,0.24321256177650263
0.4519388993866923,0.5333880107942232,-0.4125743865691769,0.91646620137647
-0.47259021876898183,1.0888090186959534,0.1991065250054287,1.0557064481599854
-1.2870834064179983,0.23655549892359484,1.4029690915876578,-0.4300815904653922
-0.8920133061503188,-0.46592361020878564,0.5349648876347042,-0.9099011462509666
0.7152098349576257,-0.9589223997403328,-0.3845128026245527,-0.7702438862971954
1.0306035821364559,0.509305996756158,-1.1201358231018572,0.8423452345406852
0.028354315255994716,0.5954015931826111,-0.7841944186670073,1.2597171566197511
-0.9212179142984787,0.77730082886916,0.25547248192923366,0.8049896474414902
-0.7120827763354631,0.12270046893893505,0.7565554948331086,-0.7091644341987657
-0.1709513577367639,-0.7242402676749585,0.281870431568052,-1.1600475576837246
1.0062253087785444,-0.7241917674722299,-0.9151751639286569,-0.23929934646839776
0.29946135360854514,0.45598851857927325,-1.0987608039168117,0.8988741449348051
-0.6048382781011129,1.2933223921247594,0.40285055864985464,1.0752245811184484
-1.5632542580464983,0.6331468703097773,1.2307443579077268,0.3580652227033658
-0.2952626172540744,-0.5695054883966085,0.7687852450415101,-0.657603145714529
-0.23257517935394595,-0.7424636733338758,-0.27251835913799366,-0.35386630028248706
1.1742254364273768,-0.3144914405299485,-0.9637305691730983,-0.12300860014299625
0.6164276231288139,0.7904181333352492,-1.1961138628848604,1.2459788907876599
-0.3980389225968287,1.0594936527768204,0.6830144758293311,0.4884038689766441
-1.1334056507827042,-0.19286852206500615,0.8983179644064783,-0.30648884867924425
0.15472071845123753,-0.7609454984081606,0.12690686542812307,-0.668768787949169
0.32233300004937643,-1.3011957741152234,-0.7118257266809904,-0.6638284069400847
0.7281389187454073,-0.05281901421582863,-1.277223733532036,0.794523585867716
0.2726368695339102,1.028235298837454,-0.7059436415835114,1.0099241314209302
-1.3689034143594587,0.3225510231545353,0.5951802587075091,0.03612041648868464
-0.5747837798275155,0.09164656659415515,1.114585930653845,-0.15629997210772184
0.2436606491641575,-0.7586012457704466,0.298834451220546,-0.9022584816446478
0.7453524032893539,-0.5444569088851494,-0.5049885480023444,-0.3311083462360224
0.5688028115680664,0.3244144035149198,-0.7590524701529907,0.4462296925749363
-0.25778055894753626,0.1316098196313522,-0.19007043924807349,0.5691707023831332
-1.222566673628851,0.19689740873617773,1.1076822699889322,-0.14271345678897315
-0.8718360286054628,-0.5942102997702339,0.8826129732533126,-1.5112993181313228
0.3281722095115598,-0.9768078014130381,-0.43157016099887363,-0.819761620488309
0.5575009242143918,-0.3173301327409602,-1.360930559769352,0.08739550683064233
0.2611142748804957,0.7721293416484728,-0.8580506482690236,0.9879698990370573
-0.019150762145464406,0.737776499812012,0.21311531358098457,0.5288698403254153
-0.7781175957828167,0.505328942937218,0.8840834825072379,-0.27645564417076307
-0.7219438510672183,-1.275342647900325,0.6528555905825899,-0.5115854156859012
1.0683901225880905,-0.5601883635543552,-0.6377990198698522,0.010090564797464951
1.0302025207490184,0.17529758860990474,-0.6130895700282429,0.4713056889657766
0.1201690755818557,0.5250207704461887,-0.14433410749900452,0.8905334808965911
-0.10329979807073775,0.9660994196530963,1.8370376062361151,0.5698753581772269
-1.0332487083793047,-0.4085263993962991,0.9355005421539896,-0.5136012367826012
0.05886791826277804,-0.9467822077107161,-0.35863296313396315,-1.003437452783244
0.43342236039184046,-0.5766039836437636,-0.7987797318773411,-0.13820377120341623
0.8484341848815832,0.4144939495271591,-0.5368116553572517,1.1048057092800194
-0.779075756123867,1.3587283929509861,0.15123746624068066,0.9156315421350889
-1.0187177114319796,0.3214199563813046,1.1727207516432374,-0.4001496282379713
-0.3628826647285343,-0.98774242604884,0.80785917996096,-0.7900240951275003
0.6173313290073885,-0.8787416159878361,-0.7804432508286727,-0.38227662592021666
1.6891704594979837,-0.14331675810550304,-0.8501607295906357,0.2664846481283212
0.24967379538346623,1.019226351757065,-0.4471788244115563,1.2013208358294887
-0.9507076442009623,0.7503759269225255,-0.11721861951819856,1.1118731167368847
-1.0682144607741215,-0.21319554004576294,1.0690160845034418,-0.29700830005875556
0.04996817810260368,-1.4868576305967998,0.19445280259064962,-1.086422153363639
0.6742535615505113,-0.9246989040222663,-0.4925187237002677,-0.7684214654329709
0.9096040514816349,-0.1601492912065561,-0.9242171891561349,0.6432435553371402
-0.05365342750627088,1.3093163855482237,-0.9719063434031256,0.8591969754787522
-1.1136290435081284,0.7234811004209419,0.6707409125463151,0.3996518935580037
-0.9309068914571728,0.3334967694424107,1.1558066154810978,-0.8873425407778952
0.22566690273849235,-1.0745800025583883,-0.41496339369121943,-1.363954893672542
0.5894049328031836,-0.4528186646796232,-0.6892768803423281,-0.1181872067601911
1.1063501913414973,0.728449382346114,-0.9004718686625937,0.795220266251075
-0.8056176847051346,0.8054024762389662,0.08486107226144562,0.6427041124261138
-1.1298030393603749,0.35491000954510316,1.1383318068446533,-0.47037976924396285
-0.7252832725095562,-0.3274809255845837,0.9683754994830208,-1.161750175835939
0.44963058356763763,-0.9566668963584452,-0.4380874661697569,-1.1447453950975446
1.068560433727121,0.4047344781761806,-1.2132783929173638,0.1777660709302653
0.6711976945349822,0.5687347100979094,-0.2348104602236578,0.8898413321129705
-0.3967356319925307,0.789880110462316,-0.1577679304202506,1.0287104626199943
-1.2247906927455268,-0.31780206469729033,1.1225918708894569,-0.5353231440850803
-0.5221395086494139,-0.5081172565304277,0.510214222803449,-1.0401776256299764
0.7760467835444828,-0.29436439193012115,-0.6292529695542217,-0.29682434082838804
1.859050178854126,0.28470023235793773,-0.6877491754660602,0.2138941534627501
-0.4897081391555759,0.9580998013697903,0.2073975215369666,0.4278500056024156
-1.0213096840781175,0.02395585233068731,1.016237819800365,0.4347862120027632
-1.147372430065202,-0.5162827579024958,0.6039299082604588,-0.558820194420621
0.32278928972504023,-0.6215440394180959,-0.22682526027635697,-1.1286316609458864
1.0674631093521958,-0.1486023857692238,-0.4995669332762693,-0.6806787054758511
0.9046637401833282,0.368012064565211,-0.5512638850438981,0.7094532425954052
-0.4418784622695147,1.280969603141135,0.2586291390178318,1.3218542909676594
-0.8388731328013704,0.32333000814669627,1.2735354250860755,-0.5665361286836728
-0.1769521380107414,-0.982712301464274,0.4134605311181326,-1.182294042364389
0.26651300160069485,-1.184659898154022,-0.5132926616116459,-0.6905159897943426
0.503665958834209,-0.07104355490455208,-1.0750605056440763,0.08859967315966127
0.7818284357913057,1.3679092907167907,-0.4682249611985045,0.7540414731826408
-1.1192520013995018,0.7196549834687354,0.8616600887583024,0.010795046169419842
-0.7923181964535085,-0.417481478628971,0.569471715836358,-0.22050023619308556
-0.17942261677929552,-1.3533367486665266,0.3564065834420247,-0.724910224182018
0.5611221021023018,-0.9784709254608789,-0.9650991557348843,-0.6796396808045815
1.2195125914789613,0.5919935319137688,-0.8228309513064174,0.44869161719738004
-0.48924554598149483,0.9918277108417706,-0.07299467292735165,0.2705118190167911
-1.2149655648643853,0.017502286710887494,0.5689206629975874,-0.5499037979726532
-0.42046334275927605,-0.1251495112230373,1.324740629364448,-1.0264399040794494
0.02241369946856936,-0.7112110761745891,-0.5689970601221276,-0.9790594987480852
1.2268360159871912,-0.5877850465442882,-1.2244625578607902,0.06333709704548483
0.9240252400132389,0.733872770030899,-0.22478327912599827,0.9803720965559173
-0.9167744130646474,0.36945120314294355,-0.07268130223662606,1.0323650617060658
-0.7178081829142369,0.056336647803778034,0.9419836521464374,0.023246685711094173
-0.5944189255442544,-0.45969899786618457,0.5323692731159787,-1.2152403182330962
0.6042433307127313,-0.222345661634897,-0.4652016594611715,-0.5550874945477393
0.522018972479496,-0.2851611029446446,-1.2889894958599952,0.62534299635725
0.06988546476313792,0.8446655093659222,-0.3048712633777441,0.9897533365813939
-1.0333019185577532,0.9200632451069042,0.7367753740362005,0.6714793751047624
-0.4395989951015273,-0.057520009258509044,0.7618097906842829,-0.6647173939807208
-0.6006333834235053,-0.6980228949420499,0.3317687051420908,-0.2799591376771098
0.6087676156748343,-1.483790559887361,-0.604383147818656,-0.48665183221393415
0.8742875203783322,0.02773004944200852,-0.7459527663808005,0.6222799144782049
-0.230190783977593,0.908171118027411,0.16294950175265271,0.7832609406887585
-0.38820396518255973,0.31562994627656915,0.8725128767787564,0.24321277308316538
-0.6948023631926976,-0.6980366720300801,1.1430571770718223,-1.13049058692941
0.33128762076276197,-1.085904155941771,-0.16320715139508107,-0.4401503883480764
0.9425349764769135,-0.2679072081289672,-1.5714949700388499,0.14574304109963637
-0.16801571345878252,0.2516771431531884,0.11067593736991366,1.3298399051117544
-0.48862977670999547,1.0940207204862213,0.5652119225012721,0.5987521876464413
-1.1343511814865213,0.3656552809635336,1.023959350040126,-0.6857924039385799
-0.4770335593866394,-0.9019726449213754,0.4513414533362427,-0.6229803297559371
0.7860033367733056,-0.8503166216593628,-0.7552924453225316,-0.10504407888324413
0.9167784585169563,-0.25799609806783586,-1.3944590443368121,0.8421136887029059
0.17484501047687243,0.8881730115736441,-0.6047489254735701,1.1159241961071875
-0.8732543019685437,1.316961785564664,0.8134543307927995,0.05679916333953644
-0.4413128869926592,0.0009639758737504667,0.4220362433597368,-0.7783990128584819
0.01616531949399428,-1.1576117546298952,-0.2824847408700803,-0.3730578091448077
0.8620863180400024,-0.662194729952511,-0.3110574438843149,0.16161530039534508
0.9278309401885023,0.8076759654157866,-0.9563607534624103,0.3964320362116185
-0.6640098953329492,1.4090899107562826,0.19171741787287835,0.7076781033197255
-1.540186871861453,0.5534395266083907,0.8321887992633111,-0.199821247232316
-0.5003642568791152,-0.3061607744797756,0.7381419942530174,-1.323097322746314
0.5791408083574576,-0.7783758596367745,0.1511835534574536,-1.21879516910975
0.798751731166893,-0.05326808756945153,-0.7617358575316546,-0.23667495425719143
0.502387311550564,0.7998003715469612,-0.5062370754969797,0.9382362599592597
-0.5219863575225349,0.8600516186269437,1.267542724324881,0.6144284867862323
-1.06526226270839,0.015847026683736457,1.012576103770091,-0.38294420818923247
-0.2681401198492829,-0.3401723998827302,-0.09648354364408745,-1.3019095576390756
0.27351662451578,-0.28822466459042895,-0.9260268382646831,-0.21466379129486418
0.9373692871972399,0.2240561801080681,-0.6841716383242111,0.6440772037280218
0.03999411568632389,1.13424882083416,0.09533230724071737,0.6320057656616845
-1.1882347521954169,0.6086486869200414,0.7256277830066272,0.32089380704257786
-0.5687821929817556,-0.044428930691757185,1.7433777523775635,-0.7835805340877929
-0.06513655050169323,-0.6609164421879665,-0.1281188032505648,-0.9154986803153727
1.187812508777494,-0.27168950964906086,-0.3867653229753796,-0.761705517992734
0.5678131863892806,0.3659343266308268,-0.4754746640209404,1.3483720209045496
-0.31270775881868307,0.7499282426228286,0.05203368025604874,1.4144709024675288
-0.7685331203078599,0.3026281069214075,0.8049170398448195,-0.20880544968648881
-0.9243122634252492,-0.5983732372300813,0.27436864255264526,-0.7623871034690266
0.6451557225665472,-1.3912590918418732,-0.7646255952584478,-1.0145815169228296
0.604401711600209,-0.8527347430934358,-0.7518371418750778,0.21922851621920225
-0.004494204393272638,0.22317913873507567,-0.43637054940391523,0.753858373921089
-0.5954074971294294,0.9169132799027947,0.5467932750993052,0.6626292016538445
-1.0496320842630507,0.24919283449832683,1.0463250882492516,0.09146351383595736
-0.010614741895346114,-0.9055590396228308,0.33181464009369277,-0.6966063419474002
1.1920976824571399,-0.31478750896180485,-1.4171557469505767,-0.5546189617813215
1.3446777114435733,0.1953770780521503,-1.1730939817857313,0.7917778445666649
0.1871547666218393,0.9612658688953832,0.4923025755250532,0.808735330843415
-0.8351511292995436,0.7475535209861007,0.7778433054088348,-0.22826053375112576
-0.16714690908840424,-0.9889547892884848,0.8204402715500023,-0.855153253395316
0.5241967344570171,-1.3792877249474316,-0.11292365529615916,-0.9584871564293613
1.188270023738705,-0.448275744378802,-1.136857607816776,-0.13470349752115693
0.5947402320968382,0.39641364406653246,-0.626898547856153,0.9938659875508414
-0.5596373157328659,1.314496723780691,0.48159717705071237,0.4456450159637895
-1.0350462755650913,0.4765760437473282,1.006113165790412,-0.19573510890058904
-0.5269155936371956,-0.36322582537640236,-0.10478870503769855,-1.5727646661638532
0.252302669388428,-1.2713415454013433,-0.7477833806425875,-0.7977100077386886
1.0610258282164133,0.3604755730355866,-1.3852066725768508,0.8230800667533569
0.2369791416861149,0.42622524084937224,-0.895617859846457,1.0371868970379472
-0.6572340510020285,1.0471587737417614,0.5014775495248054,0.5550549605305166
-0.6751928726219605,-0.05257232444583354,0.9863560382566925,-0.933260839175476
0.1345256786616712,-0.9054122599910445,0.40307490294254444,-1.4663589644245938
1.6435664146548932,-0.37193608366616343,-0.167520419736226,0.24796795696317475
0.3460286403179649,-0.04211033982630763,-1.1783198696616937,0.7619437561370314
0.24981967163427685,1.3616637160701581,-0.11186892081043098,1.347415854430889
-1.358646539712036,0.5809726240620481,1.313240030873956,0.6582969465111607
-0.36568260817412546,0.03617895773191676,0.901668062888881,-0.9528443047387006
0.4494305428935028,-0.7612968361907277,-0.2551158064380631,-0.8415563939535129
0.6708156966735389,-0.47305249733783,-1.2610496740174622,-0.0876845989512623
0.8245666103908236,0.033014009494268914,-0.8766756664463731,0.8573147290834284
-0.4510408822882191,0.8563536762410162,-0.22811454705081707,0.6532271660519646
-0.9847449057838534,0.06331840075956999,0.5317088236704874,-0.21383918093144588
-0.6952752692657559,-1.4489538678424172,0.7440185575005791,-1.5641206514558417
-0.3172045908979573,-0.7863934073089469,-0.18772277781870073,-0.25999533206572867
1.6050838084637187,-0.05250984074719821,-1.3116795761289106,0.8272791801993569
0.18349799047697601,1.1428124865922231,-0.3558362937128883,1.063337369601955
-1.477742916838845,1.3551948266854077,1.1484081353206719,0.5845175413262664
-1.1007386834156585,-0.019318131818935894,1.1196806618512316,-0.24453262629440303
-0.27318698299179134,-1.148932318861368,-0.2644366924038591,-0.2407039544680446
0.7015396752777338,-0.8446648760712477,-1.1643604914413652,-0.012187691839505299
0.5206661026320012,0.2771695011272882,-1.0803856353412482,0.9208391522227233
-0.4966113209206513,1.4335583586550495,-0.21163500587095835,1.006997574635826
-0.9683169765737007,0.8456666481778402,1.296897784091927,0.033930449605580185
-0.33435507667844167,-0.5075248037137962,0.6843972344989256,-0.6453968736460611
0.40701463742455785,-1.266782160064235,-0.4600482523058911,-0.9574409006821383
1.3303510795835336,-0.23662148741363243,-1.302302667315491,0.5919347987191973
1.3195090365508166,0.6285345084622203,-0.5663516443936071,0.8683831350638695
-1.0106073215856666,1.1643477810676435,0.3838868640745623,0.41463579493928304
-1.0530715170705733,-0.17396558917219124,0.48814577550478033,0.16298842053587054
-0.44675335260356286,-0.3249171201266603,1.0896341880404907,-1.0142876973886457
1.0179831996651507,0.03392707528238237,-1.533113449565162,-0.8432560896519876
0.6838005779912091,0.41388324065878673,-0.648182963050922,0.9193526687954117
-0.06199503673156215,0.5513316037476688,-0.6104892314869335,1.2162618337252782
-1.1243957885645162,0.9243394185563227,0.7382474269174983,0.34485864559459134
-1.1596870899812908,-0.6252347065875385,1.1405582452277936,-0.3994263296255218
-0.22183874422114333,-1.0283272293160461,0.34599331000686007,-0.8939023077919178
1.5738762337726566,-0.572087867123535,-1.1852616887875946,-0.31402499562518893
1.0633514296944653,-0.16073317422633926,-0.8294194072192367,0.685140250099863
-0.08238854071007244,0.7353791153455007,0.20230740504992417,0.9550479241813694
-0.687912532377888,0.7653989047970138,1.314853457885572,-0.08353776524854833
-0.9904711064771827,-0.3150138731601727,0.48660305527378866,-0.7118974170064323
1.0712361169347486,-1.1329771606219765,-0.380235044056635,-1.1295760016681349
1.066498020838767,-0.10045646967636879,-0.6114616719300503,0.17827707601931506
0.7972865769444569,1.2937299568165026,-0.2906239145715757,1.2148331820986744
-0.2631528869073191,1.1331525042992565,0.6373996966342232,0.9732294027620301
-1.2027763152192812,0.14824564556639663,1.0158702869874912,-0.13954520062508585
-0.07669942007055278,-1.3403335622941195,0.11134656216316219,-0.8555017235256683
0.6195520907590114,-0.8514285446117261,-0.09490254128231324,-0.34699089382550524
0.6955593237651838,-0.49822203078567406,-1.1956411148482646,0.32108507151169463
0.6873207509060599,1.152635559385773,0.002854323953896787,0.8881686997781288
-0.5466512929101448,0.774288183129353,0.7853642916128831,0.2563117338500176
-0.49675461105115887,-0.3265848747759876,0.7304038096124342,-1.041692408670548
0.7477076442198242,-0.5073162885866687,-0.02251748214997023,-0.7101759615444906
0.74051310739423,-0.45597437245747013,-0.8783260898809132,-0.5057195267517282
1.023066614108145,0.3943584709539817,-0.6420219179135931,1.0951668473028748
-0.2744955795175476,0.8989778811494045,0.0064473766566301716,1.0828288878941643
-0.9764709585023521,0.4280613883258646,1.0285809033749262,0.403376156679308
-0.5177569629484492,-0.7772544729719877,1.113798193313755,-0.9299780301476407
0.7191857514398481,-0.2651630632406965,-0.514945442671558,-0.7669963233019463
1.010586776031338,-0.35159394156131296,-1.0816051125829975,0.7629676698186587
0.30625157273039294,0.5224448397615432,-0.5332971894186055,1.0189728975668249
-0.5113806255273478,0.6805984304102651,-0.10785853085333963,0.5506296227808012
-0.888260813365397,0.6621243172192808,0.8665417220150227,-0.3504080635586168
-0.7032315769287101,-0.9568943087063347,0.25305488904629453,-0.6146229607872873
0.02812586329375022,-1.090292754885039,-0.4330771840937908,-1.2514864917905526
1.0394466401426286,-0.16646003530264933,-1.3194755153980868,0.5618489662503681
-0.3086997076402379,0.8869490358877197,-0.4011406615860877,0.39509286454530923
-1.5269678763782226,0.4044885374992811,0.21792197430094873,0.4900500963220121
-1.2504252859871914,-0.45980469671677093,0.8166260553233531,-0.7430678078315311
0.21910034560931407,-1.5370531729247592,0.03566913113043164,-1.1845555662243505
0.712992682376397,-0.6128880306752604,-0.6055512318671563,0.31398169667060427
0.5463242946219794,0.7350866892158036,-0.9182328265535233,0.9491548287690452
-0.2659380322907315,0.6605028628261906,0.8009357381768138,0.9884360889322326
-1.1132117076320616,0.33021323685527026,0.9324770323989878,-0.26187586267910523
-0.5249361175253772,-0.7973364513342954,0.15610306937752938,-0.5430115526476541
0.8762668739005759,-1.049447200558434,0.4334950517206379,-0.8064523285408444
1.2800925660418274,-0.5197339318037051,-0.5102832810363278,0.2917889840703073
1.1030252005332857,0.6963047020477505,-0.5413519985296917,1.0408489062626558
-1.00540978257724,0.49458758323039165,0.8439994194599951,0.746819953380271
-1.3427750094853352,0.3875233944871733,0.8216797439676511,-0.1639302447636088
-1.0427641692388105,-0.8084678479368701,0.3668343060216352,-0.7962689558227887
0.4968141994383102,-1.0367776291808906,-0.6561461218094818,-0.458532689479269
1.7617495958074585,0.10852850897890054,-1.1008799626806731,0.2534118736043508
0.026798855996248858,1.345465883125255,-0.17572713131361078,1.26205656282226
-1.579692038544945,0.8142212083407384,0.7045885245064543,0.5130712907434922
-0.7528209494932085,-0.03248956752625204,0.6155658684467805,-0.6563933199128569
0.34698780720661254,-1.0531828107328831,-0.5862662964127447,-0.5891442708351888
1.2200379562747061,0.021965434534005346,-1.2615760835903076,0.25502142407663553
0.7950412469871969,0.45731443813943845,6.312428074317644e-05,0.623101354936026
-0.6390798758924642,0.5470954395059664,0.35661136652200653,0.8707326186812412
-1.016028216841232,-0.025892952452051754,1.142438887263794,0.20793764059094147
-0.7127925644206898,-0.8097387987610523,0.6942261394849145,-0.9098621658082868
0.6516052877392337,-1.2621112849584992,-0.6459870820677389,-0.4685761609010889
0.9711585649224471,0.31683367507806176,-1.3561588147007662,0.2178283194200743
0.41917869715043077,0.8678966512429557,0.049887142318199296,0.5859280924909611
-0.8988100536922826,0.9327151390614192,0.5309404411985557,0.6157593415559118
-1.3093269757023713,-0.24593890101696086,1.325118132121864,-0.5620280373856312
-0.25376712276629276,-0.588357626877472,0.8317885042564612,-1.2178019274840992
0.9144943533667014,-0.42018510823269395,-0.7117160350440745,-0.31023455445782744
1.1823919414006363,0.5358934791234483,-0.861639215150223,0.3818940377380121
0.3187632681746135,1.1925320999095188,0.2849903427497373,0.7811940339472051
-0.7420494019590411,0.6473175951582917,0.910991489324767,0.10990922734955597
-0.5422003070242923,-0.6128189079043111,0.007024016896399532,-0.6967727496407018
0.01218361532253745,-0.7684728757278151,-0.12696776359961937,-0.3051209976946775
0.832498617183564,-0.37254539964083766,-1.0435275862144477,0.448770423091318
0.20655374343171085,0.6490133633581437,-0.6779797017479269,1.0795851097116655
-0.6189957847111954,1.1147892508486468,0.27251317696303023,0.2920476101756724
-1.0241036496513678,0.6124676682379553,0.569587878480621,-0.4571965905847809
-0.6325130550792012,-0.4040011720612166,0.4860582205478041,-1.354889561711148
1.2486358231985526,-0.24164371571010923,-0.695483627249925,-0.4470890159643589
1.5148174331313256,-0.13837555590017955,-1.2101054347279288,0.5590025178114759
0.39138268484199046,1.1536317628824029,-0.4334528998446597,0.8302289392264728
-0.48123996698176186,0.8982286845854985,-0.021326266587345377,0.2973332563288994
-0.5953483114584146,0.3563317439557178,0.9288787646537214,-0.549434665921378
-0.12368585664656166,-0.7729667375664225,-0.24705322500211213,-1.1714367999693804
1.1569193515837506,-0.5381228850958784,-0.6824855813664666,-0.9498561823407781
0.8729595809029819,0.48747414344143336,-0.2318292788063181,1.1643872436022313
-0.7190535190882835,0.8980125324843438,-0.3267920002931348,0.7658784831759592
-0.9160736670814933,0.562914768489602,1.2970668235610325,0.46759155897223614
-0.883732383087876,-1.038157537103958,0.9034277033050477,-0.5734367517058377
0.2940485625172576,-0.43614537797140174,-0.200314021075477,-1.3307744405958728
0.9426639557561851,-0.48805636832990695,-0.4251123555049936,-0.24246186129149952
0.4067381433340229,0.33264083054799937,-0.5868788786413115,0.8618611989368004
-0.7174134613333409,0.7660262946570215,0.014123973525425493,0.6371890079420163
-0.9912903511035277,0.09035353043533445,1.0050615174992261,0.5037923500312205
0.11727031028262541,-0.6383687673021647,0.06563300632129271,-1.6473669749684574
0.9734820902402512,-0.6043892109933864,-0.7240964408025965,-0.8776108091225301
1.1825423870801217,0.17042266035152248,-1.1516118339461379,1.121634159775762
-0.25123085840182857,0.7397289462180322,-0.1666112804069663,0.4461600009542346
-0.4623429831022066,1.1720575828277642,1.139935112546562,-0.04366987659729138
-1.0040156523293218,0.13487777521084685,0.7010057681038034,-0.7735638502376722
0.2562782872103673,-0.7541974245456505,0.06575131474227608,-0.8522548693173542
1.0951962786155462,-0.9554204398588269,-0.8719703345019064,-0.5867339097569617
1.3036538675140228,-0.0927377600376173,-0.9646871980184178,1.2918874184392708
-0.08891199506043293,1.2715124616491447,0.2779374935307678,0.7806078274109075
-0.7777507876501891,0.5219485158745389,0.5984897604554491,-0.23596213687402318
-0.4883090206532471,-0.7360817678505861,0.4844588610101589,-0.8227889128071917
0.5422633398902111,-0.3286777043853012,-0.5299685908856082,-0.654257572962035
0.4343706692728504,0.03712862841673786,-1.3317529995396071,0.09257630836885596
0.4369734886539136,1.1033359230164659,-1.002101376288894,1.214130221125704
-0.8410539833252276,1.0115983893149545,0.24679020831263493,0.9221859685063131
-1.2539142877816585,0.3494892947979287,1.0241487192414898,-0.27002495676433674
-0.6912736641388815,-0.6775824587884357,0.7344334493571811,-1.2643964773732521
0.6095498446536192,-0.655451712261753,-0.7972655363921888,-0.4979694901226278
1.4784030735042482,-0.07030612956230355,-0.6946300196378664,1.156217317337106
0.3497184745342398,1.3102582607753561,-0.5565872049984422,1.2105395035677944
-0.938734992012096,0.7230722147023209,0.7905594793242745,0.3710282822294676
-0.6689548705747395,0.38839393354074203,1.4456696432283547,0.4247751666126087
-0.18055654445523717,-0.8413653098036449,-0.19604268004425368,-1.0585533079117142
1.0097216267094045,-0.9138387812703277,-0.9298555043650043,-0.9403459887449503
0.7996292789309416,-0.04814480736309107,-0.7162552742857108,1.0374644118053098
0.2725951460673686,1.0475779106378171,0.6073121218674441,0.5922367378015032
-1.4613207149632579,-0.10307702644944938,0.615861770464405,0.27398909391163484
-0.7359420301064235,-0.43225307806857627,0.5659875230943026,-0.9919905053077452
0.4617744077913699,-1.2208117211791196,-0.4893375082284205,-1.2434544446501348
1.3956447357697288,-0.09179260902586031,-1.5035480457772872,-0.10299654972370978
-0.03247467508686158,0.8473526951977782,-0.3757159298465654,1.0188293688681884
-0.7340145927766034,0.9024698048533706,0.8354082694221185,0.6827561694405576
-0.4717825699458589,0.4404572161282964,0.8140413850752665,-0.1072799510114198
0.28273410031379764,-0.587055302085002,-0.14162120943011536,-0.5743416933834102
0.7704063136144206,-1.1976029849474383,-0.7409550539717429,-0.7691443374741956
0.9966442613236274,0.3807485801909129,-0.9333075422428113,0.7095952541946421
0.3766253074770892,1.2407362170752756,-0.20259583796459624,1.3260373732670194
-0.7114043258306885,0.7647205812868015,0.6784191526610152,0.5200307912783276
-0.622350750502472,-0.17651169028792651,0.9349013951853226,-1.1012977666224786
-0.1518133842006457,-0.9043072729079832,0.5015753754017447,-1.1194684499361007
1.0250529717138213,-0.6243834538866296,-0.6979390786351386,-0.10412083759576017
0.7402051242378872,0.5520172203561795,-0.7111271821595225,0.8380112806238909
-0.2716362685784374,0.9619174433672738,-0.08923513065822872,0.8074097348533164
-1.1895635950001384,0.44304265795795483,1.1618750867007726,0.44624010663867164
-0.0968334451232391,-0.8001110226752489,1.0025759705316022,-1.047343280705511
0.37180901667840677,-1.6751284697572828,-0.07069936501810192,-1.0052921986230035
0.852117036259482,-0.5069502258636969,-0.6264240400947039,0.7238323352814506
0.7750597329182307,0.7717447214136051,-0.40721680157576035,0.8045904760604425
-0.6661433654986209,0.8158224606591952,0.34322348780026435,0.21605723605579846
-0.8121308234392153,0.5533779346307337,1.1971742518014488,-0.7882463719014807
-0.08724295459566282,-0.650108115328987,1.1396198419804628,-1.6442255175033818
1.2047000219569,-0.8155805044435398,-0.482981171845005,-0.4999211458787272
1.600275744586204,-0.21783265387354855,-0.7406076071111676,-0.10155784090187292
-0.38845878212983936,0.6318617004541924,-0.15696050961009864,1.474337246522776
-1.1562067862345717,0.09107731942333175,0.856411017501626,0.2358980717345518
-1.3158782401817621,-0.4920718720506575,1.3679617708440928,-0.9264707161857135
0.1024993778898913,-1.3076741446594806,0.03994417679642823,-0.9471792876198483
0.6851504177890972,-0.3389295284911667,-0.8612522097690395,-0.5225172870851947
0.8457892466077633,0.3147287939139184,-0.9724475239281378,0.7374191566168681
-0.6045333005202002,1.0743170578194488,0.20643183086342454,0.3969200590886326
-1.5259968578259928,1.0272490105664036,1.0662656980909881,0.14209023866264595
-0.5293410001558647,-0.8556127529500244,0.9451624243828193,-1.216872998583753
0.1866660877143293,-1.116453359300199,-0.5301886299453192,-0.8156078781052478
0.8176768829321667,-0.6113719698871243,-1.0085678772700168,0.40249075411911245
1.1734568465557365,1.166102647910035,-0.8914876573201453,1.0488985518023928
-0.6231939282884634,0.5385987404879273,0.4872941814652382,0.8131586873471975
-0.8991816086333576,-0.08265950011925521,0.6235295941976564,-0.6987456947717701
0.057671865679674916,-0.5361372165047231,0.17243695744030357,-0.4303006360120565
1.0565153620960475,-0.8375648449807418,-0.8719087243909545,0.17097541465138089
1.2146001037309386,-0.6158080729994454,-1.554446613780129,0.9883396717798938
-0.147038455324274,1.1529238407767022,0.03054591685153671,0.6503610318288864
-0.4736060372327911,0.7507698635629088,1.2522117077158614,0.8444466473806457
-0.7611870334507344,-0.7940576781799594,0.8269705653355302,-1.2982877383668099
0.41241381586223114,-1.391038450460544,0.29994699905720607,-1.158464297073784
1.065123791437327,-0.2048856432465852,-0.6414164686983282,0.5143799314381633
0.5346982720645069,0.3717944842608767,-0.45379939306847783,1.0251623087692399
-0.6897619690901324,0.6506618176214571,0.6942205012782394,1.121519503667321
-0.8666214498218063,0.46025147044339276,0.7037352978399398,-0.1935890708890497
0.0941872498204942,-0.6953532295857936,0.7221426147928103,-1.2771157169477052
0.046137993443638226,-1.2278591295848509,-0.7230102949421703,-0.7443796820269349
1.4100069024857065,0.1964222033300332,-1.1426306914285635,0.4478243987074937
0.3194850546148958,0.3675582817656348,-0.6033495381868901,1.4189943920899613
-0.6571301818084214,1.1144061712257305,0.48121173118589167,0.6722523868928877
-1.1247479480580083,-0.7635099948773977,1.0930658196299676,-0.10514810391246604
-0.32954528836732766,-0.834650839851959,0.2438801771811149,-1.2134647305990012
1.3016767673163596,-0.05823108083546347,-0.7595316217798296,-0.5129271098728122
0.3568364700992637,0.8863887227481207,-1.3096182525189197,0.88292792320537
-0.33112107125852186,1.786110726585072,0.009951769966541214,0.7565996432280485
-1.0545746472711235,0.212705208613573,1.393545165355394,0.25155646825906963
-1.4518098242036055,-0.49580487621107705,0.9448465309939906,-0.6316204363342985
-0.13866287271567773,-1.5459220261063609,-0.43594266686458705,-0.8233632417512863
0.6052948080926436,-0.250442963543795,-0.7444786718438522,0.5903986666222539
1.2902521265869735,0.5442230856225966,-0.2989192765816312,1.6235170928012899
-0.14815521981243296,1.0033359830070816,0.7001268529835831,1.0425392177310924
-0.7783657037268142,0.06402027351190465,1.6772793270556794,-0.1351071358040033
-0.4831386366178416,-0.3651850869887574,0.3626164723557913,-0.8628371989133858
0.8387369843302472,-0.7901068139705243,-0.2489395227130472,-0.7647916760946301
1.004282381573204,0.16977283045988903,-0.7646155623605991,0.5803654947556481
-0.02927593230793915,1.1133731157607463,-0.15868208349879095,0.7044853201022133
-0.881189825509602,0.9283118171875833,0.8543256721272094,0.8257868987666126
-0.5814723737336746,-0.3402066553705708,0.4977673390724985,-0.537932956757316
-0.303508241348369,-1.1424732092928904,-0.11761292734352438,-1.3745912955198927
1.3100576883291133,-0.6488489128159498,-0.028121927661743484,-0.8683485608703165
0.7522241104388478,0.15217288093558945,-1.2172942808931047,1.3862805994527418
-0.5122487672362658,1.052781099431009,0.44116500287997734,0.8448570654049959
-0.8837948953528294,0.20266087295771462,1.0654904217454895,0.28830241941635903
-0.37412286594320393,-0.5830352820206476,1.0894728245163052,-1.3392749947256526
0.007637919090016487,-1.1227117131385937,-0.4500826401501886,-0.9158970998557023
0.9262833127578821,-0.5603918909383085,-0.6269039750272976,0.05023186565038393
0.8188558503419541,1.2883386189279455,-0.8271000932227148,1.2571630156783828
-0.8555193936805421,1.1147189370230879,0.7392995323255027,0.6979657716526733
-0.7103655163787599,-0.026205023990563958,0.9874536833726195,-0.26054018182799926
-0.4875524707576953,-1.5799223886255134,0.18605670448557143,-0.7751801842541997
0.6020982258973696,-1.2418462010663565,-0.2312676369996609,-1.124409098384812
0.9801140592950316,-0.17808091909019422,-1.0114020926199312,0.6322783854941245
-0.575297585099212,0.9444414928533686,-0.6462155948823018,1.5600397650457423
-0.5442771196651399,0.9285008799503821,0.7998529458869593,0.25707319912638243
-0.7621118269352538,-0.1545877404552372,0.8634765352984969,-0.6909022162699525
0.4919326274434104,-2.145110665433797,-0.24044933246851685,-0.7896355414758156
1.3176732009718206,-0.7424940129900378,-0.9819589231106762,-0.4964214102727334
0.6921155835216959,0.43971589171203473,-0.21801680578314664,1.2574955852998757
-0.66414803624972,1.3231645569396517,0.26237406378868766,0.6187245514558597
-0.8908653773181074,1.170113071148469,0.8981267030807359,-0.3368433107558567
-0.7409327283592215,-0.978445945572308,0.9597740161096964,-1.239202611844552
0.6123251249787376,-1.1455848848485057,-0.5350650424797646,-1.1461532769498899
0.6329244877852522,-0.3543363808330183,-0.9882943126393238,0.21014828683079698
0.20565239864011914,0.6547487589933579,-0.6620443585942057,0.843545986735802
-0.42677434842663364,1.4689247763331845,0.7543371250953179,0.7137932313957633
-0.793953481017736,0.16344598517191167,1.2889452079656545,-0.43403758881950416
-0.2831359017196275,-0.6930867280386517,0.7875439554596518,-0.893731617204484
0.4394859792904132,-0.8074362019109699,-0.7854654149473108,-0.23785545901480004
1.0113244520280928,0.1772553142696972,-0.6512341422544264,0.064335961775153
0.06400658334044663,0.9798285415382014,-0.5291513342074843,1.0449118474758055
-0.9105658068106197,1.0909196800286156,1.2984692870160286,-0.36592021927728463
-0.9114005212704491,-0.7320987716600695,1.3604989325775827,-0.66508445273343
0.2103511778126954,-0.7491055424961299,0.31391462467482906,-0.770021992638986
0.8897445302519811,-0.1368294522386697,-0.6358150987468498,0.13664868685861584
0.6876377387414084,0.04459258261290494,-0.3704930159650664,1.1478958451643326
-0.3247670818840935,0.8332039499849295,-0.000805412874817113,0.6225904957207942
-1.3418354136043251,0.06401083692049941,0.8349542608748317,0.15824174368777946
-0.15475974202245252,-0.9917275419164417,0.5036161187648656,-1.0661305898194888
-0.16949462082092087,-0.8286263711354398,-0.27654187362624044,-1.140310113046452
1.1525858032331173,0.13014816391179718,-1.344323900241694,0.07749095481699403
0.2660828436365149,0.28798498340833495,-0.8760931623641589,1.1266589019390791
-1.1922662117655323,0.6725570548317266,0.851377840197507,0.9813209106055149
-1.5446271324950929,0.09797742232600315,0.835202750208912,-0.030233695510649916
0.16017345962560892,-0.4184161328857736,-0.3369250194280892,-1.2042813243899682
0.5290884141608903,-0.35807204241911067,-0.6446320652657298,-0.5065875635986838
0.49401633017997487,0.49744458389885693,-0.336938246160005,0.5731789692652793
-0.095888256404964,1.0823020208998873,-0.3409162776462916,1.1708682260029106
-0.9040633907468675,0.7314600569244353,0.9769116861876983,0.8820720788029347
-0.86947104102232,-0.563816238537167,0.6745354531310735,-0.6392559128460409
0.5441196656627902,-1.2912962232703888,-0.311807081671134,-0.6587216745050685
0.9573971483265217,-0.6229643452846262,-0.6873496764006192,-0.3005639957760886
0.7569628315814397,0.7797174831041416,-1.1926585057940413,1.3516303332202888
-0.3424472720998232,1.1730412033018696,0.30171371268017827,0.804602564756823
-0.6734889564195659,-0.19873465397293433,1.205719545298559,-0.19348325272925684
-0.40882955188029224,-1.2324651476467685,0.7297892015115363,-0.8736042411060988
0.2151099274272909,-1.4804253856940202,-1.3011636758664433,-0.5546212955841637
0.937383353456217,-0.3194735987588749,-0.7291509084084221,0.6066418687033479
0.2253120838347969,0.6487481978588634,-0.46795561027232124,1.2304859295927422
-0.87952192795364,0.7902222056386483,0.6714471488848163,-0.03181681448060436
-0.5409461883100974,-0.2773796838655539,0.6440895998388374,-0.4992479981506949
0.16162210443041508,-0.6866294793180887,0.23151795855691107,-0.6229561001000331
0.9896427981377527,-1.0336545306626903,-0.2799638912507744,-0.8471040948860056
0.8405940674129793,0.4335702304606938,-1.0023182956458363,0.8647447341667988
-0.2743635709628916,1.2974713541176337,0.6361350725190069,0.4922613323393056
-0.9178997822169375,0.5137305185635765,0.5362297704499519,0.5502914184168239
-1.3550585548531393,-0.7523693864812286,1.0002250559917911,-0.8840143766802471
0.08813892160823056,-0.8898332847766939,-0.4301607479305929,-1.3848735628321773
0.7889487010593605,-0.8926383390328881,-0.5729159712734186,0.12284076518448916
0.156487783427896,0.7662899114567943,-0.4787704361905342,1.0478974585242071
-0.44143980068143057,0.9224113976717347,-0.3808800906339747,0.5835720312316101
-1.1488509523460502,0.5454544688665324,1.3624846118841925,-0.17880012028561015
-0.9635131633329412,-0.9767033937593868,0.7136038375533853,-1.4180207342595146
-0.2721333028123675,-0.7444153937405155,-0.13559189601549454,-0.9889139228164985
0.5810362710575383,-0.2494674406145352,-0.4963804893243182,0.8401026515917183
0.5967331343657556,0.401203261624362,-0.6551962377364149,0.48445503603761986
-0.6238003232803472,1.0583042111684868,0.5590031039939141,0.7577455127209001
-0.9074361654143334,-0.31266579026945157,0.8994609347774118,-0.550199173469528
0.528856568111018,-0.9100610400265142,0.13488314719849834,-1.048996571520548
1.0710213002078286,-0.8863221985312639,-1.3524364036951777,-0.7946562312771417
0.4413267153098651,-0.19504909756896133,-0.47253811066427404,1.0411742803582715
-0.19580018677795188,0.9954632408436417,0.0003472567014471562,0.45878191028529236
-0.6435214098989999,0.8738970536827178,0.6172156163853475,-0.19624525279618865
-0.1845867501368733,-0.3880874796848318,0.7361406613452589,-0.8233672363315525
0.23181860325434703,-0.8672138111396135,-0.4616816524734687,-1.1327115033095814
1.1479594061293619,0.0825178599188936,-0.6445504802895407,-0.0411355178690469
0.5113044479341368,0.8885395832184395,-1.0697293731736766,0.5111092590646629
-0.3486022301320115,1.1564295858688154,0.19246425705706843,0.8316456660301
-0.9017112765197562,0.3275027748113022,1.6593820343315486,-0.3329809041961957
-0.3679575667827259,-0.6350196446113998,0.5578872825523713,-0.9759946628770486
0.9502107252925198,-1.0391928599812574,-0.397199007743939,-0.22169076728728893
0.7816647373720689,-0.23374638504286976,-0.8555921125512953,0.46729914522398575
0.28820151601653093,1.1420272772409084,-0.2158273401674511,1.4244442900132661
-0.7396788651081325,0.05945321483385391,0.0846092668018868,0.7404304909518049
-1.0310786834854708,-0.42152073076596114,0.5504439066084763,-0.47425235353310913
-0.45069675882146926,-0.5367484262782103,0.3731758253708104,-0.8584028193338846
0.543600068332419,-0.49110889490953646,-0.8469523449456138,-0.2019692193057141
1.0689779210277084,0.40380336155314517,-0.9178795621792906,0.7325262456629988
0.2938516441509236,0.652440100409635,-0.3494715765565904,1.392847741445081
-1.0628422368541166,0.38029402894446157,0.7858925313852269,0.24564004633235084
-1.4398965237627974,-0.49435093685970205,1.0194949180200994,-0.706931593521471
0.019054594204725606,-1.1782048369372675,0.16836370422765903,-1.3013854918287957
0.8570633625242708,-0.15726752723101575,-1.258764535286676,0.35873332213931663
0.9357045022963449,0.5316931863763854,-0.06405658462865649,0.8690176626076606
0.09289869741941698,0.6130503073637436,-0.3460006460794933,0.6396459828492032
-0.7674472848159919,-0.14821145277841977,1.2180457973315286,0.09045907573900452
-0.6434430320584001,-1.1562814469802913,0.6617169722321439,-1.2749443648383847
0.004344385008495155,-1.0859276328781695,0.03871408550914951,-0.11151208512259336
0.6358757400418524,0.9183988833703021,-0.8019349389061314,0.5951419054179831
-0.07875079666808893,1.3719823916854403,-0.48820921200699186,1.4574471031902412
-0.8057775877047029,-0.1088929572639632,1.1594786308878078,0.15892936065297542
-0.8224767456719159,-0.17315003770525836,0.659941044898358,-0.8761593061029993
0.2937312270563405,-1.3775376126537604,0.7222801570967946,-1.1994771567300961
0.995645862917151,-0.7652928205290959,-0.14001591771023725,-0.22147340638485072
0.6193476475341609,0.15604082670087122,-1.111130498395433,1.0852856676145723
0.05936264270298935,0.6295993995088565,-0.33917148813361203,0.5863562042438024
-0.5077188925093001,0.10719467646391884,0.5348634083338889,-0.25488258907028766
-0.808751317903951,0.08411798368139456,1.1862388712490046,-1.2306562836676143
-0.10461793061991703,-1.3184716793462,-0.19248747649580264,-1.6223657933985942
0.9633739107369477,0.15438634992770078,-0.6269937180826938,0.5089297826392185
0.922432329961958,0.9017950999377096,-0.2423874740354719,0.8338690453425583
0.23337827976571923,0.3227657047428296,0.334866960436247,0.623903770756317
-0.8465230313062186,-0.6604706387453378,1.4424420879971882,-0.22058635175987856
-0.009536610212523444,-0.7554978106874083,0.28208488938781967,-1.4176958602432697
1.6425252737207745,-0.36077847135099517,-0.7207941206661577,-0.21190072274451238
0.7281670973475327,0.32453147896962287,-0.9153911098854796,0.11176984365850018
0.5861022139157774,0.3622817976592685,-0.2778255081720177,2.1172478930028067
-0.9100200986652327,-0.05187399277376681,0.407684363266575,-0.06162178534959556
-1.4528617537842456,-0.6194387399682761,1.0906914225489885,-1.1470578251894177
-0.07015144536864247,-0.8222354053716046,0.1409288685407932,-1.167250874436638
0.6981656311219189,-0.36599335186662163,-1.052558871324355,0.21350148971137925
0.8580658549211743,0.10233524963445884,-0.8012750908872468,0.6312309783946755
0.2341417492130034,0.6718423639632907,-0.01771036115587722,1.4811203173808034
-1.3045297814158439,-0.14288073794254086,0.47618367938745,0.21625356070267004
-0.4116054531610868,-0.857107910972551,0.5604897731246039,-0.9263693874807137
0.34928962279736925,-0.9649774848994581,-0.5343534707394741,-1.2878075859757927
1.2990275101871815,-0.0345703282642556,-0.6841907237172693,0.4600007253987004
0.11448485002632453,0.6667505488359959,-0.7741253351972802,1.152043437109774
0.18494978003545065,0.4517288216007337,0.3762582048436391,0.34988596964889995
-0.817010618058203,-0.30847636850174964,1.344553526010448,-0.764475170174262
-0.7373754780222648,-1.3180404083412467,0.5551230480840224,-1.1557831015180144
0.2363419754846533,-0.8959299574642442,-0.5484716289256326,-0.6113051877556126
0.3726978234233276,0.9856643469589752,-1.0604710966735416,1.1346707519156538
0.2930888098378917,1.1428936885922747,-0.6617311071833691,1.594449622642023
-1.112695653069621,-0.3051808639782754,0.48949107783636003,0.42502340644354175
-0.385147716594382,-0.39577596222768197,1.034120555933735,-1.0798107076655676
-0.37160868921976026,-0.7987192541423053,0.6356033931741184,-1.1892679786831604
0.757238238757921,-0.3166039003540807,-1.0203206515082033,0.21160995607668745
0.7589342887282693,0.6874063276389039,-0.574067631115839,1.0004631104856798
-0.09357157310216414,0.9429647893933124,-0.48481008482451654,0.6464956585229151
-1.1322404483135382,-0.02550074844419882,0.5667999741498656,-0.46594504907402007
-0.5752328633238584,-0.49942936242819125,0.9764785199892694,-1.5265156543856973
1.036139150390309,-0.18782315489355805,-0.07091600839545212,-0.5191304213923317
0.7057385953498525,-0.03838064197862853,-1.0808309786327288,0.42304134413512096
0.865777566072728,0.5104841925754589,-0.2638098069667618,1.4652649956940098
-0.570135101121336,0.6906983828010668,0.5772653986752121,0.1685237551099974
-1.4377507910348901,-0.43151697532870525,0.591277264864321,-0.6060391942544783
-0.8136623168271118,-0.7863343788356711,0.9100438525731989,-1.761263035117097
0.37946410118157964,-0.2411577664362547,-0.3643326035647829,-0.8538042994846535
1.0565506144313828,1.0350711141891018,-1.055657682996572,1.029521007938361
0.327403335796183,0.12164146880905397,-0.19827267580913177,0.31722609282258785
0.1932377237870262,-0.4162541785650762,-0.6636458236556462,0.30926052258616943
0.295740348798512,-0.0555859772794277,-0.007677679845842639,0.0044710212116111925
-0.7616719763102014,-0.24446828661041073,0.17324061794314638,-0.02938539098551929
0.07495017465826198,0.3948989348416556,0.21133981774762525,-0.5520158954437475
-0.08124066718376267,0.36752979510078737,-0.04467068569951252,0.3455872374467986
0.7539639413599817,0.02833080800684301,-0.509478344930264,0.5523419853559784
-0.02643569785744823,-0.3742306763393786,-0.6339146348333686,-0.26981297345275024
0.24713404913323936,-0.25141109754695384,0.329838249820401,-0.39241205040764826
-0.8202452537265078,0.4983328771543401,0.44990657924079847,-0.5865156618792158
-0.14482456013622252,-0.0698967451592779,-0.02698358858476079,-0.08886059676585839
0.07327612967091343,-0.32194900061030496,-0.5537261982956507,0.4799022821604232
0.08695187150658293,-0.3851886728576046,-0.365932402023825,-0.17807391148447882
0.512149203874091,0.013434257964767382,0.07315243025377227,0.488916704951387
-0.4604699237815608,-0.0321650917282926,-0.15851522697476406,-0.6139090188841236
-0.36053584031368524,0.4278673959779037,-0.3446820269666291,0.5014125475227318
-0.012914667482180574,0.5353492553324178,-0.6172140644050135,0.5103113350616914
0.6969234519394956,-0.20823592229385238,-0.13448810024261762,-0.36055448167496684
-0.06396153149455078,-0.21533114175172063,0.128289042992995,0.08283694749956044
0.7844134252053292,0.2038378953850395,-0.464237052035124,-0.8087593141876832
-0.2292897539885177,0.04812859207267381,0.6905558726461374,-0.1831618671243807
-0.2967893257023349,0.3668951014379531,-0.24263925606090495,0.5018537505662841
-0.145373156688294,0.40037719708296887,0.03603801442462384,0.9913122083946888
0.23639247138337877,0.4442585821213825,-0.12915195733588694,-0.3395772920815684
0.35386857651271114,0.09168345703539305,0.2731748870945568,-0.2908540383869576
0.23603624957777136,0.044220967750199514,0.2920406319197455,-0.1992060721448542
-0.26700935319517793,0.35257297997884934,0.4569467638327712,-0.3295577590801361
0.1390888481723631,0.07672357294999135,-0.24770946761555968,0.5130160147876652
0.19033681056172233,-0.3535873823136896,0.025715081090680325,0.4456640513140391
-0.012624857692047187,0.007747847571115685,-0.1622836189157187,0.04491921790934442
-0.21116351872016884,-0.12530358452994259,-0.09874410740294591,-0.3726569651475561
-0.6801625061055908,0.15648400086735847,0.43123263032842507,-0.5372442633061556
-0.9705375428039322,0.28674551760932415,0.3432643103324026,-0.3032478075037545
-0.23207975755491614,0.5198440283394835,-0.0737395183727067,0.16374628276053077
0.39123341365536746,-0.8090790300492601,-0.513719399369987,0.36647714912146434
0.5035192261661807,-0.029349714476321953,0.20953610147952037,0.4106477437532351
-0.5518695423769552,0.1412489823684916,-0.4982211886348026,-0.17743693875678287
-0.05395412214763834,0.2052789267485838,-0.014370121190456275,0.20156541218918198
-0.7187332250525054,0.4596498189442699,0.16323618883392438,0.0013020625651254253
0.30716921558519017,0.019935309935716877,-0.14597111599161927,-0.8159709261071862
0.3035028729265524,-0.2061797470103719,-0.734271097968932,0.25840374327296856
0.18030668862542282,-0.49811414718045816,-0.4880818623497109,-0.39604139892253254
-0.38653059756666935,0.2318587728544351,0.4504436846631625,-0.42486510749324247
-0.589005204473993,0.053706135751385914,0.041698988216412824,0.008601592678774903
-0.1109769682999478,0.7258807300496756,-0.3249265130251102,0.24213327000478999
0.3148763982895753,0.24668904151197368,-0.4227307677960479,0.7299078735097175
0.12281164521212151,-0.500788984426752,-0.026643982623524104,0.45005442347412583
0.10273792054093697,-0.8481942564818613,-0.6876591344783076,0.3637707351665989
-0.6633673804066981,0.7028567843461451,0.4603046131372072,0.32210800824314406
0.13032794506348977,-0.14684438101980885,0.15852859191811283,0.02038849902590214
-0.0879399702652704,-0.18191740534322767,-0.3453466568005437,0.08386801811998937
-0.1881676045899644,-0.15212754539192325,-0.27294626948989487,0.39459960161777574
0.23301264989552395,-0.07644645393682747,-0.1694951784470329,-0.4524601005275142
-0.20761481533332676,0.2579012738467731,0.4032528560211901,-0.11000763821892248
-0.4792000648975535,0.3731133527601986,0.9307146098296456,0.005457950523508309
-0.715247127463599,0.7857337334364448,-0.03566170812620156,0.1335198298841217
0.345401830177417,-0.29231137386586087,-0.20790869167152243,0.42509630218007677
1.2642965709951692,-0.21217709095526613,-0.6525705217604785,-0.23830253877997506
0.6465314430959815,-0.5381027157264022,0.4285972463408405,-0.17240395122611799
-0.5549866689484466,-0.19627634221326143,-0.06861574099634721,-0.14516967711158915
0.03664483194076401,0.9217169592843171,0.698156350660842,0.028322482277016753
0.07428118505608976,0.07436692460725378,-0.005941129503764272,-0.3801357963960866
0.5000375782663153,-0.05141949719247558,-0.24481248127758404,0.07657953058250433
0.4836718019556234,-0.42358335953450227,0.6149564384316109,0.08556524510134347
-0.06711347396019061,-0.07887990187458976,0.12471530820065697,0.26085717593065105
-0.16059646627871876,-0.5292312215426197,0.7086496639378981,-0.3560258643935622
-0.22692052932627288,0.4108367492070121,0.21364800221062896,0.19475586859294589
0.00033977758829595306,0.4430333204082659,-0.5058461027832742,-0.46524089105564453
0.5540165017142495,-0.4690670784425541,0.009902828457125423,0.4119433965788052
-0.3442444105130037,-0.4442922777326687,0.25297138503361805,-0.2714479473619502
0.18962160733721367,-0.04627800593275212,-0.2767621307502062,-0.5675079479664378
-0.1667246823439706,0.34800426034124343,0.5135517139188601,-0.5023077003855551
-0.16999646370352145,0.6754148742330124,0.22104536311138062,0.0647705773914726
0.5629129932404894,0.046087167450377754,-0.6343569510434282,0.4111278842318103
0.6064796257411857,-0.23289213161661215,-0.4804617607248325,0.41313368864419064
0.06703681863789232,-0.3003519900352707,-0.8018099033984096,-0.540036861569843
-0.13456252120788625,0.12813914968977294,0.2927601300270189,-0.19144533465613256
0.4768432169131916,0.7338816070711558,0.032626048968634164,-0.6450783716165792
-0.04644978300803247,0.32736979031102936,0.2592443480075013,0.7020054019458752
0.28641901849263923,0.09255329240651158,-0.43673498258618876,-0.07298272442973425
0.21556537004804915,0.4646029648592165,0.14824484216562855,-0.6716620564775679
-0.6233759084926913,0.03184855669513964,0.17822208058423866,0.2715244447858871
0.485241650816075,0.045039442522928866,0.9802536074043389,-0.06294804049361391
-0.02232797416938273,0.19837249352402853,0.5506674190506098,0.377773041752244
0.0644288038031617,0.26015659375115546,0.030035310365028434,0.294062142205661
0.14715977530332358,-0.06037541576017717,-0.04285196634726854,0.22124119750936705
0.1926375765374996,-0.2285086883716106,0.30982018138611533,0.09445118609135024
-0.11866238968547589,-0.3459673493807829,-0.11118420948175373,-0.40786880555817007
-0.24598989736470667,0.4546629323727233,0.2731650247534245,0.0018984895044736882
0.13275597836567232,0.30594574230634436,-0.1395731365165505,-0.08956260212095313
0.18877894661871203,0.10526390894788475,-0.37021794276186015,0.027654448562827283
0.5812025159758751,0.13085189773332567,0.42127591037241874,0.11211542210904185
0.6162388989671899,-0.027805074210346697,-0.162104540657042,-0.12155251734740878
-0.19199886389518162,-0.37581847890340214,0.2631827228254477,0.43484249739456216
-0.8906023154967302,0.8967097526082402,0.09746765371763816,-0.2930965276485992
-0.075328636179022,0.6708682355236446,-0.27658477711305257,-0.15768487576291765
-0.3539280569547896,0.0724909410895473,0.0024771554543351892,0.7037560709059129
0.2112653275083507,0.5284021307578655,-0.019579334667165882,-0.26689048886047406
0.08480283836114196,-0.04483583063433455,0.055828272617447355,-0.22605303461114795
0.04702241482087016,0.3566453597393082,0.6363810604826879,0.3280890131933728
-0.17224451233155777,-0.3025785538951009,0.012546392081716096,0.2045374088600548
0.5739820610677348,0.1697629380205784,-0.3608975155423997,0.4956732093037297
0.18930976832620677,-0.010969393246038905,0.030455903539245655,0.35219793079431283
0.67235706893256,-0.33891207303850246,0.284065055080307,-0.05515698715318168
-0.3654750568850992,-0.28966735805502836,0.14416886775579846,0.026516663047162325
-0.3683603224233529,0.478710919872764,0.9148918729319901,-0.06233904383460627
0.12056986008758284,0.05802161302007028,0.1379761201290653,0.46531133515146184
0.23724893072792794,-0.05469716796945362,0.26959802021821905,0.21588414669029757
0.1144011498910345,0.26453171189666047,0.16494708993361418,-0.36062000602028593
0.22423714105201922,0.14717145009659552,-0.03277928739474623,-0.2862786115177825
0.294683320471264,0.21132205501853663,0.30021570563044897,-0.5230903752182516
-0.2901558682042858,0.0431560373254542,0.47456677293199945,0.0010823255405885135
-0.046851027578916446,-0.4111431879622667,-0.3641991274064255,0.5994284320775285
0.5302789820290095,-0.08289543263447749,0.05291181973571596,0.0233962451164845
0.6326422798677694,0.11827449457737849,-0.2616999104693644,0.4757635047618046
-0.4486333388562312,0.10194615857909772,-0.05642915370491962,-0.12499336998458271
-0.015406240600429888,0.5619863728629446,0.40702917755299534,0.1460463161721905
0.04522457751682993,0.3541565867510026,0.6234007395498387,-0.24390955681871235
0.13396236992405958,-0.13520763409754416,-0.05665645950458027,0.62187303470092
0.035181100606377746,0.17334138709374297,-0.44573012611171614,0.5118724792029286
0.268332126992229,-0.015543759765967058,-0.11605887136096178,1.0624030999735152
-0.6045176706487793,0.23458962035093286,-0.1347791945220709,0.15320444187699422
-0.3705102984680899,0.44924193409587604,-0.40569388714548255,-0.4379895918254361
-0.3491536614109584,-0.5270101333045698,0.2066864099043632,0.010114904695087273
0.8455999173577935,-0.05987916696809291,0.41040610457212634,-0.16146481640691646
0.3745038276455166,0.0390707544962301,-0.07169401437513684,0.3914324794891988
-0.014405756132730502,0.00477354912309827,0.672045069893287,0.03246203256533048
0.14055643759076908,0.0043890641221119575,0.1047539168613168,-0.48211716086316886
-0.15924889975924006,0.07681173321942444,-0.09151070973661421,0.16371263265969788
-0.1466199629282075,0.15123440002901173,-0.28474235186658364,0.025030713778685126
0.5665447596720679,-0.12046356514283278,-0.358584416431421,0.27974197165373355
-0.39489152851613596,-0.6775330979166125,-0.13674621789530075,0.1254992403128693
-0.15297286190224452,-0.02467203790115388,-0.22877385574203055,-0.08271133209172388
-0.7841188628620718,-0.15810017361649,0.06562540588964577,-0.331871790378441
-0.3817113069881934,0.27443064017988916,-0.007433277652970735,-0.02174282321568244
-0.10996461261882029,-0.37354660084443525,-0.043294686193953186,0.15795470562856592
0.19394543527985947,-0.2822779651693324,-0.5886477501713779,0.5700217479238323
0.02577642190407277,0.2406986454694925,-0.2980130154510998,-0.42698455711801253
-0.34868001650779856,-0.708796150315845,0.36519014579154196,-0.1873772832750384
-0.6595376800783478,0.3221675341362819,0.4795324595470082,0.04720715739836848
0.47786444920386556,-0.0049836048254056076,0.507675309263452,0.3370736886125103
0.2559010405267548,0.12976811269729524,-0.6309991393641652,0.821291563694533
-0.18777420622003232,0.20674680469150775,-0.30484617098913813,0.17463789662649945
0.4967184765989277,0.14042277604874476,0.6019991655190253,-0.44302918688185855
-0.04578589961815427,0.02808680002234691,0.3104776486930778,-0.6629932535544271
-0.27803118928733617,0.5767749617066744,0.2590931330862487,0.09080136935592341
-0.029358233060485114,0.1287774323984377,0.3723318331353846,0.011797400757519394
-0.37248487509384115,0.07623512496830254,-0.12476050627446231,0.36844983204489334
0.19300536049397257,0.096712233329317,-0.3429273133272712,-0.09666595016819361
-0.359321345473608,-0.08819717898757418,0.3883266974907215,0.576076010553935
-0.1094071371553147,0.3347079649621976,0.335948060976371,-0.22453494878873667
-0.16380599867255088,0.2450206569522874,0.2651403102189458,0.07265982746466512
-0.5827216978934173,0.44300247104007434,-0.1399588504375634,0.4281321157313117
0.7784216347564639,-0.10791818728198417,-0.5189203952526542,-0.16008397917178424
-0.04011444377842893,-0.07254277347964502,0.19519470464725966,-0.6957479961631181
0.05442492385566544,-0.10452420898222797,0.04881125956856319,-0.5688428399564847
-0.7360900800506418,0.04581809485487098,-0.06505714853835265,-0.5796663979356657
0.44897044945307696,0.2899070618584815,0.24192215633197803,0.6931665849587572
0.35076833073768354,0.27983587918954195,0.3826950692242839,0.008677654116855504
-0.02796759425515008,-1.0044024575682267,-0.09079972345306794,0.05212861226230267
0.4509063490358623,-0.4758113535249304,0.331801206423853,0.041461019038642966
-0.6800590341373036,0.2313704980655193,0.36800943814315684,-0.2233356476479431
0.03732397458339973,0.6607084837121022,0.2256737942968557,0.11630616659127971
0.24763859563615465,0.022698981638062388,-0.2658632290804416,-0.11727232615613364
0.37087304084922307,0.11714822344763104,-0.024906946683507014,0.33484728768323174
0.1480884257995849,-0.270981864462363,0.07222763544564775,0.09094812729032341
-0.08798943202981777,-0.46228794328383405,0.2921015142296174,-0.34693992509341065
-0.017296143460596602,0.23969065048453314,0.5548333756154041,-0.16590814022644088
0.08209627145977168,0.49868041457740364,0.38377086410261946,-0.06614426485097463
-0.23043392190204315,0.38441835465740903,-0.4256129792237467,0.01662689916968907
0.23877618504816941,-0.5283515040549333,-0.27223478966324405,-0.060503415750703796
0.29337279533251626,-0.5422776436213671,0.07305179106854771,-0.06054152511967563
-0.06585554110416669,0.31552906559324356,0.553161212058421,-0.27337297162901353
-0.17916725762038582,0.34883220856046643,0.7090489569658375,-0.09900032885602784
0.014478314372445619,0.5697334066034021,-0.14462618795456433,0.6244662194590538
0.1147685702669303,-0.06149493620428846,-0.27384575639400877,0.269651484636478
0.7428061541571391,0.11788680830579124,-0.36887860232645553,0.10477634811535311
-0.3162627497034019,-0.2922215511316461,0.17855006046370264,-0.6538317633899731
-0.30117138653063774,0.03206947811550438,0.4837794386591064,-0.25651087970207825
0.028045839210257578,0.2627889557456714,0.5700850810486502,0.043886769855452264
0.08774850567766637,0.045849136667559034,-0.29729174601470065,0.4294535311619601
0.07104002900791179,-0.5250388696846652,-0.664556005709676,-0.12774397689119876
-0.01725967049856139,0.021059773912216972,-0.46278311588673504,-0.43629383118137843
-0.14640520708679,-0.07134674040722877,0.5080423131206694,-0.4934811735267266
-0.5835642385975428,0.8140611119929706,-0.547941171597099,-0.31483415347288185
-0.14489787958790457,0.5606960853358439,0.16640158431459823,0.1527569574968521
0.7366698628226497,-0.49871640758158564,-0.5140789953764007,0.5419922863179895
0.7220655604480195,-0.942443039998837,0.09022094549905019,0.5601688108413045
0.1669885791047292,0.021083547788161378,-0.09400597357764065,0.05800570787537043
-0.044011860628251354,0.013541614523558697,0.44710710044445073,-0.3542006207302224
0.16128483345142874,0.217704144649495,-0.13252456638425802,-0.5198663993763504
-0.647057795224788,0.3563257434994097,0.14522076391292238,0.6347940514023171
